{"stats":{"minecraft:picked_up":{"minecraft:shulker_shell":17,"minecraft:spruce_leaves":14,"minecraft:wheat":53,"minecraft:azure_bluet":2,"minecraft:nether_brick_fence":1,"minecraft:ender_chest":6,"minecraft:oak_stairs":44,"minecraft:enchanted_book":2,"minecraft:potion":2,"minecraft:dragon_head":1,"minecraft:brewing_stand":1,"minecraft:purpur_block":6,"minecraft:oak_trapdoor":4,"minecraft:string":2,"minecraft:elytra":1,"minecraft:soul_soil":31,"minecraft:cooked_salmon":16,"minecraft:blackstone":2,"minecraft:spruce_planks":3360,"minecraft:observer":76,"minecraft:poppy":4,"minecraft:spruce_slab":4509,"minecraft:enchanted_golden_apple":1,"minecraft:sugar_cane":13,"minecraft:chest":25,"minecraft:phantom_membrane":28,"minecraft:stick":89,"minecraft:end_stone":80,"minecraft:oak_door":1,"minecraft:birch_trapdoor":2,"minecraft:oak_fence":29,"minecraft:torch":31,"minecraft:purpur_pillar":7,"minecraft:white_dye":15,"minecraft:pointed_dripstone":5,"minecraft:diorite":1,"minecraft:redstone":1,"minecraft:cauldron":6,"minecraft:arrow":8,"minecraft:rotten_flesh":14,"minecraft:nether_bricks":4,"minecraft:hay_block":2,"minecraft:purpur_slab":3,"minecraft:end_rod":2,"minecraft:blaze_rod":1,"minecraft:obsidian":20,"minecraft:white_wool":6,"minecraft:cobblestone":308,"minecraft:oxeye_daisy":2,"minecraft:magma_cream":2,"minecraft:purple_dye":2,"minecraft:cooked_beef":3,"minecraft:basalt":39,"minecraft:golden_carrot":74,"minecraft:andesite":1,"minecraft:tripwire_hook":2,"minecraft:water_bucket":1,"minecraft:salmon":6,"minecraft:leather":3,"minecraft:purpur_stairs":4,"minecraft:oak_log":161,"minecraft:gunpowder":10,"minecraft:dirt":1641,"minecraft:cooked_mutton":23,"minecraft:bone":14,"minecraft:apple":16,"minecraft:stone_bricks":1,"minecraft:bow":5,"minecraft:wheat_seeds":228,"minecraft:oak_fence_gate":2,"minecraft:mossy_stone_bricks":1,"minecraft:oak_planks":24,"minecraft:soul_sand":19,"minecraft:nether_quartz_ore":3,"minecraft:quartz":96,"minecraft:dandelion":7,"minecraft:sand":118,"minecraft:spruce_sapling":184,"minecraft:ink_sac":8,"minecraft:white_bed":2,"minecraft:spruce_log":1344,"minecraft:loom":1,"minecraft:spider_eye":3,"minecraft:shulker_box":51,"minecraft:mossy_cobblestone":9,"minecraft:dispenser":103,"minecraft:lever":1,"minecraft:granite":6,"minecraft:diamond_axe":1,"minecraft:bone_meal":4,"minecraft:golden_apple":1,"minecraft:gray_wool":1,"minecraft:spruce_sign":1,"minecraft:emerald":99,"minecraft:netherrack":1234,"minecraft:coal":242,"minecraft:ender_pearl":16,"minecraft:diamond_pickaxe":2,"minecraft:end_stone_bricks":13},"minecraft:crafted":{"minecraft:black_dye":8,"minecraft:redstone":442,"minecraft:experience_bottle":42,"minecraft:loom":1,"minecraft:cobblestone_stairs":4,"minecraft:flower_banner_pattern":1,"minecraft:shulker_box":8,"minecraft:hopper":4,"minecraft:bow":76,"minecraft:spruce_slab":8028,"minecraft:chest":41,"minecraft:black_wool":6,"minecraft:observer":93,"minecraft:red_dye":2,"minecraft:emerald":708,"minecraft:spruce_sign":3,"minecraft:crafting_table":1,"minecraft:spruce_planks":14648,"minecraft:black_banner":1,"minecraft:mojang_banner_pattern":1,"minecraft:bucket":10,"minecraft:birch_planks":4,"minecraft:enchanted_book":2,"minecraft:air":0,"minecraft:dispenser":89,"minecraft:paper":3,"minecraft:emerald_block":37,"minecraft:shield":1,"minecraft:stick":17536,"minecraft:iron_ingot":56,"minecraft:torch":648},"minecraft:used":{"minecraft:flint_and_steel":1,"minecraft:spruce_slab":6284,"minecraft:redstone":53,"minecraft:dispenser":50,"minecraft:elytra":14,"minecraft:chest":4,"minecraft:shield":16,"minecraft:spruce_planks":728,"minecraft:ender_chest":5,"minecraft:netherrack":627,"minecraft:spruce_leaves":1,"minecraft:torch":143,"minecraft:dirt":1203,"minecraft:hopper":4,"minecraft:shulker_box":53,"minecraft:diamond_helmet":1,"minecraft:obsidian":10,"minecraft:lava_bucket":28,"minecraft:diamond_chestplate":15,"minecraft:repeater":25,"minecraft:golden_carrot":55,"minecraft:bow":39,"minecraft:observer":56,"minecraft:pointed_dripstone":5,"minecraft:cobblestone_stairs":1,"minecraft:water_bucket":112,"minecraft:mossy_stone_bricks":4,"minecraft:end_stone_bricks":2,"minecraft:diamond_boots":1,"minecraft:dropper":4,"minecraft:ender_pearl":16,"minecraft:spruce_sign":2,"minecraft:cauldron":6,"minecraft:diamond_axe":1051,"minecraft:sugar_cane":4,"minecraft:crafting_table":1,"minecraft:loom":2,"minecraft:white_bed":1,"minecraft:end_stone":16,"minecraft:spruce_log":133,"minecraft:redstone_torch":1,"minecraft:oak_log":1,"minecraft:lever":1,"minecraft:ender_eye":15,"minecraft:diamond_pickaxe":2822,"minecraft:diamond_shovel":2871,"minecraft:diamond_sword":320,"minecraft:cobblestone":59,"minecraft:bucket":159,"minecraft:experience_bottle":42,"minecraft:diamond_leggings":1},"minecraft:mined":{"minecraft:dragon_wall_head":1,"minecraft:spruce_planks":61,"minecraft:white_bed":2,"minecraft:farmland":80,"minecraft:mossy_cobblestone":14,"minecraft:oak_door":3,"minecraft:cobblestone_stairs":5,"minecraft:shulker_box":52,"minecraft:brewing_stand":1,"minecraft:end_stone":80,"minecraft:obsidian":23,"minecraft:nether_bricks":4,"minecraft:granite":6,"minecraft:grass_block":1140,"minecraft:oak_pressure_plate":1,"minecraft:soul_soil":24,"minecraft:purpur_slab":3,"minecraft:spruce_leaves":24,"minecraft:oxeye_daisy":2,"minecraft:spawner":2,"minecraft:hay_block":2,"minecraft:tall_seagrass":6,"minecraft:oak_trapdoor":10,"minecraft:nether_brick_fence":1,"minecraft:pointed_dripstone":4,"minecraft:dirt_path":487,"minecraft:oak_stairs":173,"minecraft:end_stone_bricks":13,"minecraft:stone":599,"minecraft:white_wool":6,"minecraft:spruce_slab":273,"minecraft:ender_chest":6,"minecraft:tripwire":2,"minecraft:podzol":416,"minecraft:oak_slab":27,"minecraft:glass_pane":10,"minecraft:blackstone":3,"minecraft:soul_sand":72,"minecraft:basalt":38,"minecraft:observer":12,"minecraft:purpur_stairs":4,"minecraft:dandelion":1,"minecraft:oak_fence":52,"minecraft:torch":10,"minecraft:short_grass":47,"minecraft:poppy":1,"minecraft:chest":2,"minecraft:spruce_wall_sign":1,"minecraft:purpur_pillar":7,"minecraft:glass":1,"minecraft:nether_quartz_ore":51,"minecraft:cobblestone":139,"minecraft:oak_planks":81,"minecraft:sugar_cane":6,"minecraft:wall_torch":1,"minecraft:cauldron":6,"minecraft:yellow_wool":9,"minecraft:birch_log":6,"minecraft:birch_trapdoor":2,"minecraft:spruce_log":141,"minecraft:purpur_block":7,"minecraft:coal_ore":112,"minecraft:oak_log":166,"minecraft:oak_fence_gate":2,"minecraft:loom":1,"minecraft:sand":351,"minecraft:dirt":306,"minecraft:stone_bricks":1,"minecraft:dispenser":7,"minecraft:netherrack":1600,"minecraft:oak_leaves":11},"minecraft:killed":{"minecraft:spider":1,"minecraft:shulker":25,"minecraft:phantom":12,"minecraft:skeleton":9,"minecraft:drowned":2,"minecraft:magma_cube":1,"minecraft:salmon":22,"minecraft:ender_dragon":1,"minecraft:creeper":4,"minecraft:squid":4,"minecraft:sheep":8,"minecraft:zombie":7,"minecraft:ghast":1,"minecraft:wither_skeleton":2,"minecraft:villager":1,"minecraft:blaze":3,"minecraft:enderman":6,"minecraft:cow":1},"minecraft:dropped":{"minecraft:wheat_seeds":261,"minecraft:diamond_axe":1,"minecraft:cooked_beef":3,"minecraft:oak_fence":29,"minecraft:cobblestone":27,"minecraft:book":2,"minecraft:observer":109,"minecraft:leather":3,"minecraft:stick":17,"minecraft:emerald":72,"minecraft:spruce_leaves":14,"minecraft:dirt":184,"minecraft:golden_carrot":48,"minecraft:dispenser":142,"minecraft:torch":497,"minecraft:cooked_salmon":12,"minecraft:sand":128,"minecraft:spruce_sapling":54,"minecraft:bone":10,"minecraft:dandelion":7,"minecraft:sugar_cane":2,"minecraft:wheat":53,"minecraft:obsidian":20,"minecraft:rotten_flesh":7,"minecraft:azure_bluet":2,"minecraft:cooked_mutton":23,"minecraft:shulker_box":4,"minecraft:salmon":6,"minecraft:poppy":2,"minecraft:spruce_planks":3572,"minecraft:diamond_pickaxe":2,"minecraft:mossy_stone_bricks":1,"minecraft:chest":25,"minecraft:spider_eye":3,"minecraft:spruce_slab":6209,"minecraft:spruce_log":64,"minecraft:arrow":3,"minecraft:bow":7,"minecraft:netherrack":4},"minecraft:custom":{"minecraft:inspect_dropper":7,"minecraft:interact_with_anvil":6,"minecraft:mob_kills":115,"minecraft:inspect_hopper":14,"minecraft:interact_with_crafting_table":42,"minecraft:open_shulker_box":189,"minecraft:leave_game":20,"minecraft:time_since_death":532083,"minecraft:climb_one_cm":2815,"minecraft:sprint_one_cm":768000,"minecraft:walk_one_cm":1262239,"minecraft:damage_blocked_by_shield":861,"minecraft:drop":1981,"minecraft:talked_to_villager":91,"minecraft:play_time":532345,"minecraft:sneak_time":68221,"minecraft:walk_under_water_one_cm":56816,"minecraft:jump":4517,"minecraft:interact_with_blast_furnace":2,"minecraft:walk_on_water_one_cm":98119,"minecraft:total_world_time":532345,"minecraft:interact_with_furnace":8,"minecraft:traded_with_villager":905,"minecraft:interact_with_loom":8,"minecraft:sleep_in_bed":7,"minecraft:time_since_rest":103358,"minecraft:open_enderchest":21,"minecraft:damage_taken":3617,"minecraft:damage_dealt":18179,"minecraft:swim_one_cm":74166,"minecraft:fly_one_cm":1533821,"minecraft:open_chest":363,"minecraft:crouch_one_cm":327320,"minecraft:aviate_one_cm":1596748,"minecraft:fall_one_cm":169299,"minecraft:use_cauldron":15,"minecraft:inspect_dispenser":43}},"DataVersion":3839}