{"stats":{"minecraft:dropped":{"minecraft:wheat_seeds":261,"minecraft:diamond_axe":1,"minecraft:cooked_beef":3,"minecraft:oak_fence":29,"minecraft:cobblestone":27,"minecraft:book":2,"minecraft:observer":109,"minecraft:leather":3,"minecraft:stick":17,"minecraft:emerald":72,"minecraft:spruce_leaves":14,"minecraft:dirt":184,"minecraft:golden_carrot":40,"minecraft:torch":496,"minecraft:dispenser":139,"minecraft:cooked_salmon":12,"minecraft:sand":128,"minecraft:spruce_sapling":54,"minecraft:bone":10,"minecraft:dandelion":7,"minecraft:sugar_cane":2,"minecraft:wheat":53,"minecraft:obsidian":20,"minecraft:cooked_mutton":23,"minecraft:azure_bluet":2,"minecraft:shulker_box":4,"minecraft:salmon":6,"minecraft:poppy":2,"minecraft:spruce_planks":3508,"minecraft:diamond_pickaxe":2,"minecraft:mossy_stone_bricks":1,"minecraft:chest":25,"minecraft:spider_eye":3,"minecraft:spruce_slab":6209,"minecraft:spruce_log":64,"minecraft:arrow":3,"minecraft:bow":6,"minecraft:netherrack":4},"minecraft:killed":{"minecraft:spider":1,"minecraft:shulker":25,"minecraft:phantom":2,"minecraft:skeleton":9,"minecraft:drowned":2,"minecraft:salmon":22,"minecraft:ender_dragon":1,"minecraft:creeper":4,"minecraft:squid":4,"minecraft:sheep":8,"minecraft:zombie":7,"minecraft:ghast":1,"minecraft:villager":1,"minecraft:enderman":6,"minecraft:cow":1},"minecraft:mined":{"minecraft:dragon_wall_head":1,"minecraft:spruce_planks":19,"minecraft:farmland":80,"minecraft:mossy_cobblestone":14,"minecraft:oak_door":3,"minecraft:cobblestone_stairs":5,"minecraft:shulker_box":32,"minecraft:brewing_stand":1,"minecraft:end_stone":80,"minecraft:obsidian":23,"minecraft:granite":6,"minecraft:grass_block":1140,"minecraft:oak_pressure_plate":1,"minecraft:soul_soil":24,"minecraft:purpur_slab":3,"minecraft:spruce_leaves":24,"minecraft:oxeye_daisy":2,"minecraft:hay_block":2,"minecraft:tall_seagrass":6,"minecraft:oak_trapdoor":10,"minecraft:pointed_dripstone":4,"minecraft:dirt_path":487,"minecraft:oak_stairs":173,"minecraft:end_stone_bricks":13,"minecraft:stone":599,"minecraft:spruce_slab":119,"minecraft:white_wool":6,"minecraft:ender_chest":3,"minecraft:tripwire":2,"minecraft:podzol":416,"minecraft:oak_slab":27,"minecraft:glass_pane":10,"minecraft:blackstone":3,"minecraft:soul_sand":72,"minecraft:basalt":38,"minecraft:observer":3,"minecraft:purpur_stairs":4,"minecraft:dandelion":1,"minecraft:oak_fence":52,"minecraft:torch":8,"minecraft:short_grass":47,"minecraft:poppy":1,"minecraft:chest":2,"minecraft:spruce_wall_sign":1,"minecraft:nether_quartz_ore":48,"minecraft:purpur_pillar":7,"minecraft:cobblestone":139,"minecraft:sugar_cane":6,"minecraft:oak_planks":81,"minecraft:wall_torch":1,"minecraft:cauldron":6,"minecraft:yellow_wool":9,"minecraft:birch_log":6,"minecraft:birch_trapdoor":2,"minecraft:spruce_log":87,"minecraft:purpur_block":7,"minecraft:coal_ore":112,"minecraft:oak_log":166,"minecraft:oak_fence_gate":2,"minecraft:loom":1,"minecraft:sand":351,"minecraft:dirt":306,"minecraft:dispenser":6,"minecraft:stone_bricks":1,"minecraft:netherrack":1471,"minecraft:oak_leaves":11},"minecraft:crafted":{"minecraft:black_dye":8,"minecraft:redstone":442,"minecraft:experience_bottle":42,"minecraft:loom":1,"minecraft:cobblestone_stairs":4,"minecraft:flower_banner_pattern":1,"minecraft:shulker_box":8,"minecraft:hopper":4,"minecraft:bow":75,"minecraft:spruce_slab":7644,"minecraft:chest":41,"minecraft:black_wool":6,"minecraft:observer":93,"minecraft:red_dye":2,"minecraft:emerald":699,"minecraft:spruce_sign":3,"minecraft:crafting_table":1,"minecraft:spruce_planks":14648,"minecraft:black_banner":1,"minecraft:mojang_banner_pattern":1,"minecraft:bucket":5,"minecraft:birch_planks":4,"minecraft:enchanted_book":2,"minecraft:air":0,"minecraft:dispenser":88,"minecraft:paper":3,"minecraft:emerald_block":37,"minecraft:shield":1,"minecraft:stick":17536,"minecraft:iron_ingot":32,"minecraft:torch":648},"minecraft:custom":{"minecraft:mob_kills":99,"minecraft:interact_with_anvil":6,"minecraft:inspect_hopper":10,"minecraft:interact_with_crafting_table":37,"minecraft:open_shulker_box":137,"minecraft:leave_game":14,"minecraft:time_since_death":391072,"minecraft:climb_one_cm":2815,"minecraft:sprint_one_cm":601766,"minecraft:walk_one_cm":838752,"minecraft:damage_blocked_by_shield":811,"minecraft:drop":1966,"minecraft:talked_to_villager":90,"minecraft:play_time":391334,"minecraft:sneak_time":46016,"minecraft:walk_under_water_one_cm":53771,"minecraft:jump":3758,"minecraft:interact_with_blast_furnace":2,"minecraft:walk_on_water_one_cm":87202,"minecraft:total_world_time":391334,"minecraft:interact_with_furnace":5,"minecraft:traded_with_villager":904,"minecraft:interact_with_loom":8,"minecraft:sleep_in_bed":6,"minecraft:time_since_rest":133838,"minecraft:open_enderchest":12,"minecraft:damage_taken":2904,"minecraft:damage_dealt":15672,"minecraft:swim_one_cm":67188,"minecraft:fly_one_cm":1146661,"minecraft:open_chest":307,"minecraft:crouch_one_cm":213965,"minecraft:aviate_one_cm":870608,"minecraft:inspect_dispenser":6,"minecraft:fall_one_cm":148547,"minecraft:use_cauldron":15},"minecraft:picked_up":{"minecraft:shulker_shell":17,"minecraft:spruce_leaves":14,"minecraft:wheat":53,"minecraft:azure_bluet":2,"minecraft:ender_chest":3,"minecraft:oak_stairs":44,"minecraft:potion":2,"minecraft:enchanted_book":2,"minecraft:dragon_head":1,"minecraft:brewing_stand":1,"minecraft:purpur_block":6,"minecraft:oak_trapdoor":4,"minecraft:string":2,"minecraft:elytra":1,"minecraft:soul_soil":31,"minecraft:cooked_salmon":16,"minecraft:blackstone":2,"minecraft:spruce_planks":3253,"minecraft:observer":66,"minecraft:poppy":4,"minecraft:spruce_slab":4277,"minecraft:enchanted_golden_apple":1,"minecraft:sugar_cane":13,"minecraft:chest":25,"minecraft:phantom_membrane":1,"minecraft:stick":89,"minecraft:end_stone":80,"minecraft:oak_door":1,"minecraft:birch_trapdoor":2,"minecraft:oak_fence":29,"minecraft:torch":28,"minecraft:purpur_pillar":7,"minecraft:white_dye":15,"minecraft:pointed_dripstone":5,"minecraft:diorite":1,"minecraft:cauldron":6,"minecraft:arrow":8,"minecraft:rotten_flesh":14,"minecraft:purpur_slab":3,"minecraft:hay_block":2,"minecraft:end_rod":2,"minecraft:obsidian":20,"minecraft:white_wool":6,"minecraft:cobblestone":308,"minecraft:oxeye_daisy":2,"minecraft:purple_dye":2,"minecraft:cooked_beef":3,"minecraft:basalt":39,"minecraft:golden_carrot":71,"minecraft:tripwire_hook":2,"minecraft:andesite":1,"minecraft:salmon":6,"minecraft:leather":3,"minecraft:purpur_stairs":4,"minecraft:oak_log":161,"minecraft:gunpowder":10,"minecraft:dirt":1641,"minecraft:cooked_mutton":23,"minecraft:bone":10,"minecraft:apple":16,"minecraft:stone_bricks":1,"minecraft:bow":5,"minecraft:wheat_seeds":228,"minecraft:oak_fence_gate":2,"minecraft:mossy_stone_bricks":1,"minecraft:oak_planks":24,"minecraft:soul_sand":19,"minecraft:quartz":96,"minecraft:dandelion":7,"minecraft:sand":118,"minecraft:spruce_sapling":184,"minecraft:ink_sac":8,"minecraft:loom":1,"minecraft:spruce_log":1291,"minecraft:spider_eye":3,"minecraft:shulker_box":31,"minecraft:mossy_cobblestone":9,"minecraft:dispenser":102,"minecraft:lever":1,"minecraft:diamond_axe":1,"minecraft:granite":6,"minecraft:bone_meal":4,"minecraft:golden_apple":1,"minecraft:gray_wool":1,"minecraft:emerald":99,"minecraft:spruce_sign":1,"minecraft:coal":241,"minecraft:netherrack":1147,"minecraft:end_stone_bricks":13,"minecraft:ender_pearl":16,"minecraft:diamond_pickaxe":2},"minecraft:used":{"minecraft:flint_and_steel":1,"minecraft:dispenser":26,"minecraft:spruce_slab":2571,"minecraft:elytra":12,"minecraft:spruce_planks":719,"minecraft:chest":4,"minecraft:shield":15,"minecraft:ender_chest":3,"minecraft:netherrack":617,"minecraft:spruce_leaves":1,"minecraft:torch":106,"minecraft:dirt":1203,"minecraft:hopper":4,"minecraft:shulker_box":33,"minecraft:diamond_helmet":1,"minecraft:obsidian":10,"minecraft:lava_bucket":28,"minecraft:diamond_chestplate":12,"minecraft:golden_carrot":44,"minecraft:bow":36,"minecraft:observer":24,"minecraft:pointed_dripstone":5,"minecraft:water_bucket":112,"minecraft:mossy_stone_bricks":4,"minecraft:cobblestone_stairs":1,"minecraft:end_stone_bricks":2,"minecraft:diamond_boots":1,"minecraft:dropper":2,"minecraft:ender_pearl":16,"minecraft:spruce_sign":2,"minecraft:cauldron":6,"minecraft:diamond_axe":801,"minecraft:sugar_cane":4,"minecraft:crafting_table":1,"minecraft:loom":2,"minecraft:end_stone":16,"minecraft:spruce_log":78,"minecraft:oak_log":1,"minecraft:ender_eye":15,"minecraft:diamond_pickaxe":2647,"minecraft:diamond_shovel":2871,"minecraft:diamond_sword":290,"minecraft:cobblestone":59,"minecraft:bucket":138,"minecraft:diamond_leggings":1,"minecraft:experience_bottle":42}},"DataVersion":3839}