{"stats":{"minecraft:picked_up":{"minecraft:shulker_shell":17,"minecraft:wheat":53,"minecraft:nether_brick_fence":6,"minecraft:ender_chest":6,"minecraft:oak_stairs":44,"minecraft:potion":2,"minecraft:enchanted_book":2,"minecraft:brewing_stand":1,"minecraft:golden_sword":1,"minecraft:string":32,"minecraft:soul_soil":31,"minecraft:cooked_salmon":16,"minecraft:gold_nugget":11,"minecraft:spruce_planks":3360,"minecraft:enchanted_golden_apple":1,"minecraft:stick":590,"minecraft:birch_trapdoor":3,"minecraft:oak_fence":29,"minecraft:torch":31,"minecraft:purpur_pillar":7,"minecraft:pointed_dripstone":5,"minecraft:diorite":1,"minecraft:cauldron":6,"minecraft:stone_sword":1,"minecraft:nether_gold_ore":10,"minecraft:rotten_flesh":32,"minecraft:end_rod":2,"minecraft:blaze_rod":6,"minecraft:obsidian":20,"minecraft:cobblestone":308,"minecraft:water_bucket":1,"minecraft:cooked_beef":3,"minecraft:andesite":1,"minecraft:magma_cream":2,"minecraft:wither_skeleton_skull":3,"minecraft:dirt":1641,"minecraft:bone":70,"minecraft:bow":5,"minecraft:wheat_seeds":228,"minecraft:mossy_stone_bricks":1,"minecraft:oak_planks":32,"minecraft:sand":118,"minecraft:stripped_spruce_log":1,"minecraft:ink_sac":8,"minecraft:loom":1,"minecraft:shulker_box":51,"minecraft:mossy_cobblestone":9,"minecraft:dispenser":103,"minecraft:lever":2,"minecraft:granite":6,"minecraft:bone_meal":4,"minecraft:golden_apple":12,"minecraft:spruce_sign":1,"minecraft:emerald":99,"minecraft:netherrack":1914,"minecraft:diamond_pickaxe":2,"minecraft:end_stone_bricks":13,"minecraft:spruce_leaves":97,"minecraft:azure_bluet":2,"minecraft:dragon_head":1,"minecraft:purpur_block":6,"minecraft:elytra":1,"minecraft:oak_trapdoor":4,"minecraft:blackstone":26,"minecraft:observer":76,"minecraft:poppy":4,"minecraft:spruce_slab":4509,"minecraft:sugar_cane":14,"minecraft:chest":35,"minecraft:phantom_membrane":28,"minecraft:end_stone":191,"minecraft:oak_door":1,"minecraft:white_dye":15,"minecraft:redstone":1,"minecraft:arrow":11,"minecraft:nether_bricks":63,"minecraft:purpur_slab":3,"minecraft:hay_block":2,"minecraft:white_wool":6,"minecraft:oxeye_daisy":2,"minecraft:purple_dye":2,"minecraft:basalt":50,"minecraft:golden_carrot":74,"minecraft:tripwire_hook":2,"minecraft:salmon":6,"minecraft:leather":3,"minecraft:purpur_stairs":4,"minecraft:oak_log":161,"minecraft:gunpowder":10,"minecraft:cooked_mutton":23,"minecraft:apple":83,"minecraft:stone_bricks":1,"minecraft:oak_fence_gate":2,"minecraft:soul_sand":28,"minecraft:nether_quartz_ore":6,"minecraft:quartz":98,"minecraft:dandelion":7,"minecraft:spruce_sapling":1053,"minecraft:spruce_log":8558,"minecraft:white_bed":2,"minecraft:spider_eye":3,"minecraft:diamond_axe":2,"minecraft:gray_wool":1,"minecraft:coal":270,"minecraft:ender_pearl":16},"minecraft:crafted":{"minecraft:black_dye":8,"minecraft:oak_planks":128,"minecraft:loom":1,"minecraft:cobblestone_stairs":4,"minecraft:lever":1,"minecraft:flower_banner_pattern":1,"minecraft:shulker_box":8,"minecraft:hopper":4,"minecraft:bow":76,"minecraft:chest":73,"minecraft:black_wool":6,"minecraft:emerald":708,"minecraft:crafting_table":1,"minecraft:spruce_planks":14904,"minecraft:mojang_banner_pattern":1,"minecraft:birch_planks":4,"minecraft:dispenser":89,"minecraft:paper":3,"minecraft:emerald_block":37,"minecraft:shield":1,"minecraft:stick":17536,"minecraft:iron_ingot":70,"minecraft:shears":1,"minecraft:redstone":442,"minecraft:experience_bottle":42,"minecraft:spruce_slab":8028,"minecraft:observer":93,"minecraft:red_dye":2,"minecraft:spruce_sign":3,"minecraft:black_banner":1,"minecraft:bucket":10,"minecraft:enchanted_book":2,"minecraft:air":0,"minecraft:torch":648},"minecraft:used":{"minecraft:dispenser":50,"minecraft:spruce_slab":6284,"minecraft:elytra":25,"minecraft:chest":46,"minecraft:shield":17,"minecraft:spruce_leaves":1,"minecraft:soul_sand":8,"minecraft:nether_bricks":63,"minecraft:obsidian":10,"minecraft:lava_bucket":28,"minecraft:birch_trapdoor":3,"minecraft:repeater":25,"minecraft:bow":66,"minecraft:mossy_stone_bricks":4,"minecraft:diamond_boots":1,"minecraft:end_stone_bricks":2,"minecraft:dropper":4,"minecraft:wither_skeleton_skull":3,"minecraft:oak_planks":45,"minecraft:ender_pearl":16,"minecraft:diamond_axe":1195,"minecraft:sugar_cane":4,"minecraft:loom":2,"minecraft:end_stone":49,"minecraft:shears":8,"minecraft:redstone_torch":1,"minecraft:lever":3,"minecraft:string":19,"minecraft:diamond_sword":406,"minecraft:experience_bottle":42,"minecraft:flint_and_steel":1,"minecraft:redstone":53,"minecraft:spruce_planks":728,"minecraft:ender_chest":5,"minecraft:netherrack":740,"minecraft:torch":143,"minecraft:dirt":1203,"minecraft:hopper":4,"minecraft:diamond_helmet":1,"minecraft:shulker_box":53,"minecraft:diamond_chestplate":25,"minecraft:tripwire_hook":2,"minecraft:golden_carrot":76,"minecraft:observer":56,"minecraft:pointed_dripstone":5,"minecraft:water_bucket":119,"minecraft:cobblestone_stairs":1,"minecraft:cauldron":6,"minecraft:spruce_sign":2,"minecraft:crafting_table":1,"minecraft:white_bed":1,"minecraft:spruce_log":180,"minecraft:oak_log":1,"minecraft:ender_eye":15,"minecraft:diamond_pickaxe":3762,"minecraft:apple":1,"minecraft:diamond_shovel":2871,"minecraft:spruce_sapling":3,"minecraft:cobblestone":59,"minecraft:bucket":165,"minecraft:diamond_leggings":1},"minecraft:mined":{"minecraft:dragon_wall_head":1,"minecraft:spruce_planks":61,"minecraft:white_bed":2,"minecraft:farmland":80,"minecraft:cobblestone_stairs":5,"minecraft:brewing_stand":1,"minecraft:obsidian":23,"minecraft:granite":6,"minecraft:grass_block":1140,"minecraft:oak_pressure_plate":1,"minecraft:soul_soil":24,"minecraft:purpur_slab":3,"minecraft:oxeye_daisy":2,"minecraft:spawner":2,"minecraft:tall_seagrass":6,"minecraft:pointed_dripstone":4,"minecraft:dirt_path":487,"minecraft:oak_stairs":173,"minecraft:end_stone_bricks":13,"minecraft:spruce_slab":273,"minecraft:tripwire":4,"minecraft:blackstone":27,"minecraft:purpur_stairs":4,"minecraft:torch":10,"minecraft:poppy":1,"minecraft:chest":12,"minecraft:spruce_wall_sign":1,"minecraft:cobblestone":139,"minecraft:nether_quartz_ore":54,"minecraft:glass":1,"minecraft:sugar_cane":6,"minecraft:oak_planks":89,"minecraft:wall_torch":1,"minecraft:cauldron":6,"minecraft:yellow_wool":9,"minecraft:birch_log":6,"minecraft:birch_trapdoor":3,"minecraft:purpur_block":7,"minecraft:oak_log":166,"minecraft:oak_fence_gate":2,"minecraft:loom":1,"minecraft:sand":351,"minecraft:dirt":306,"minecraft:dispenser":7,"minecraft:netherrack":2326,"minecraft:oak_leaves":11,"minecraft:nether_gold_ore":10,"minecraft:mossy_cobblestone":14,"minecraft:oak_door":3,"minecraft:end_stone":171,"minecraft:shulker_box":52,"minecraft:nether_bricks":67,"minecraft:lever":1,"minecraft:spruce_leaves":53,"minecraft:hay_block":2,"minecraft:oak_trapdoor":10,"minecraft:spruce_sapling":3,"minecraft:nether_brick_fence":7,"minecraft:stone":599,"minecraft:white_wool":6,"minecraft:ender_chest":6,"minecraft:podzol":416,"minecraft:oak_slab":27,"minecraft:glass_pane":10,"minecraft:soul_sand":81,"minecraft:basalt":50,"minecraft:observer":12,"minecraft:dandelion":1,"minecraft:oak_fence":52,"minecraft:short_grass":47,"minecraft:purpur_pillar":7,"minecraft:spruce_log":232,"minecraft:coal_ore":112,"minecraft:stone_bricks":1},"minecraft:killed":{"minecraft:zombified_piglin":4,"minecraft:spider":1,"minecraft:shulker":25,"minecraft:skeleton":11,"minecraft:magma_cube":1,"minecraft:piglin":1,"minecraft:salmon":22,"minecraft:ender_dragon":1,"minecraft:creeper":4,"minecraft:sheep":8,"minecraft:zombie":7,"minecraft:ghast":4,"minecraft:blaze":9,"minecraft:cow":1,"minecraft:phantom":12,"minecraft:drowned":2,"minecraft:squid":4,"minecraft:wither_skeleton":17,"minecraft:villager":1,"minecraft:enderman":6},"minecraft:dropped":{"minecraft:soul_sand":1,"minecraft:diamond_axe":2,"minecraft:cooked_beef":3,"minecraft:leather":3,"minecraft:emerald":80,"minecraft:spruce_leaves":21,"minecraft:dirt":184,"minecraft:dispenser":142,"minecraft:gold_nugget":11,"minecraft:sand":128,"minecraft:bone":10,"minecraft:blackstone":24,"minecraft:emerald_block":21,"minecraft:sugar_cane":2,"minecraft:wheat":53,"minecraft:obsidian":20,"minecraft:rotten_flesh":20,"minecraft:end_stone":78,"minecraft:cooked_mutton":23,"minecraft:nether_brick_fence":6,"minecraft:azure_bluet":2,"minecraft:salmon":6,"minecraft:poppy":2,"minecraft:chest":25,"minecraft:spruce_slab":6209,"minecraft:basalt":11,"minecraft:arrow":3,"minecraft:quartz":2,"minecraft:netherrack":696,"minecraft:wheat_seeds":261,"minecraft:oak_fence":29,"minecraft:cobblestone":28,"minecraft:book":2,"minecraft:observer":109,"minecraft:spruce_stairs":3,"minecraft:stick":17,"minecraft:nether_gold_ore":10,"minecraft:golden_carrot":48,"minecraft:torch":497,"minecraft:cooked_salmon":12,"minecraft:spruce_sapling":199,"minecraft:dandelion":7,"minecraft:blaze_rod":6,"minecraft:stone_sword":1,"minecraft:shulker_box":4,"minecraft:spruce_planks":3572,"minecraft:diamond_pickaxe":2,"minecraft:mossy_stone_bricks":1,"minecraft:golden_sword":1,"minecraft:spider_eye":3,"minecraft:spruce_log":64,"minecraft:bow":7,"minecraft:nether_quartz_ore":6,"minecraft:magma_cream":2},"minecraft:custom":{"minecraft:interact_with_crafting_table":47,"minecraft:open_shulker_box":190,"minecraft:leave_game":23,"minecraft:time_since_death":592021,"minecraft:sprint_one_cm":1118689,"minecraft:damage_blocked_by_shield":911,"minecraft:drop":2018,"minecraft:talked_to_villager":91,"minecraft:play_time":592286,"minecraft:jump":5722,"minecraft:walk_on_water_one_cm":107548,"minecraft:interact_with_furnace":8,"minecraft:traded_with_villager":905,"minecraft:interact_with_loom":9,"minecraft:sleep_in_bed":7,"minecraft:open_enderchest":22,"minecraft:damage_dealt":24785,"minecraft:crouch_one_cm":339390,"minecraft:use_cauldron":15,"minecraft:inspect_dispenser":43,"minecraft:inspect_dropper":7,"minecraft:mob_kills":151,"minecraft:interact_with_anvil":6,"minecraft:inspect_hopper":14,"minecraft:climb_one_cm":2815,"minecraft:walk_one_cm":1410290,"minecraft:sneak_time":71641,"minecraft:walk_under_water_one_cm":57161,"minecraft:interact_with_blast_furnace":3,"minecraft:total_world_time":592286,"minecraft:time_since_rest":163299,"minecraft:damage_taken":4819,"minecraft:swim_one_cm":74166,"minecraft:fly_one_cm":2011022,"minecraft:open_chest":466,"minecraft:aviate_one_cm":1673233,"minecraft:fall_one_cm":204396}},"DataVersion":3839}