{"stats":{"minecraft:crafted":{"minecraft:emerald":284,"minecraft:spruce_planks":4328,"minecraft:experience_bottle":42,"minecraft:emerald_block":37,"minecraft:stick":8656},"minecraft:dropped":{"minecraft:wheat_seeds":261,"minecraft:wheat":53,"minecraft:oak_fence":29,"minecraft:azure_bluet":2,"minecraft:poppy":2,"minecraft:mossy_stone_bricks":1,"minecraft:sand":128,"minecraft:spruce_sapling":2,"minecraft:dandelion":7,"minecraft:bone":2},"minecraft:picked_up":{"minecraft:wheat":53,"minecraft:azure_bluet":2,"minecraft:tripwire_hook":2,"minecraft:oak_stairs":44,"minecraft:oak_log":161,"minecraft:oak_trapdoor":4,"minecraft:string":2,"minecraft:dirt":1525,"minecraft:bone":2,"minecraft:wheat_seeds":228,"minecraft:oak_fence_gate":2,"minecraft:poppy":4,"minecraft:oak_planks":24,"minecraft:birch_trapdoor":2,"minecraft:oak_fence":29,"minecraft:torch":19,"minecraft:dandelion":7,"minecraft:sand":118,"minecraft:spruce_sapling":2,"minecraft:pointed_dripstone":5,"minecraft:spruce_log":6,"minecraft:cauldron":6,"minecraft:mossy_cobblestone":9,"minecraft:rotten_flesh":7,"minecraft:arrow":3,"minecraft:lever":1,"minecraft:hay_block":2,"minecraft:netherrack":32,"minecraft:cobblestone":68},"minecraft:used":{"minecraft:water_bucket":10,"minecraft:mossy_stone_bricks":4,"minecraft:diamond_boots":1,"minecraft:flint_and_steel":1,"minecraft:cauldron":6,"minecraft:diamond_axe":546,"minecraft:netherrack":18,"minecraft:spruce_leaves":1,"minecraft:dirt":1022,"minecraft:diamond_helmet":1,"minecraft:obsidian":10,"minecraft:oak_log":1,"minecraft:ender_eye":15,"minecraft:diamond_pickaxe":192,"minecraft:lava_bucket":16,"minecraft:diamond_shovel":2669,"minecraft:diamond_chestplate":1,"minecraft:golden_carrot":5,"minecraft:diamond_sword":96,"minecraft:bow":1,"minecraft:bucket":24,"minecraft:pointed_dripstone":5,"minecraft:diamond_leggings":1,"minecraft:experience_bottle":42},"minecraft:killed":{"minecraft:ender_dragon":1,"minecraft:skeleton":4,"minecraft:zombie":4},"minecraft:mined":{"minecraft:podzol":416,"minecraft:oak_slab":27,"minecraft:glass_pane":10,"minecraft:farmland":80,"minecraft:mossy_cobblestone":14,"minecraft:oak_door":3,"minecraft:cobblestone_stairs":5,"minecraft:dandelion":1,"minecraft:oak_fence":52,"minecraft:short_grass":24,"minecraft:grass_block":1127,"minecraft:poppy":1,"minecraft:chest":2,"minecraft:oak_pressure_plate":1,"minecraft:cobblestone":115,"minecraft:spruce_leaves":10,"minecraft:oak_planks":81,"minecraft:wall_torch":1,"minecraft:cauldron":6,"minecraft:hay_block":2,"minecraft:oak_trapdoor":10,"minecraft:yellow_wool":9,"minecraft:birch_log":6,"minecraft:birch_trapdoor":2,"minecraft:spruce_log":6,"minecraft:pointed_dripstone":4,"minecraft:oak_log":166,"minecraft:dirt_path":487,"minecraft:oak_fence_gate":2,"minecraft:oak_stairs":173,"minecraft:sand":351,"minecraft:dirt":198,"minecraft:netherrack":33,"minecraft:tripwire":2,"minecraft:white_wool":6,"minecraft:oak_leaves":11},"minecraft:custom":{"minecraft:interact_with_anvil":2,"minecraft:mob_kills":10,"minecraft:traded_with_villager":326,"minecraft:interact_with_crafting_table":1,"minecraft:leave_game":2,"minecraft:time_since_death":69220,"minecraft:sleep_in_bed":2,"minecraft:time_since_rest":9836,"minecraft:sprint_one_cm":119165,"minecraft:damage_taken":271,"minecraft:walk_one_cm":224194,"minecraft:drop":17,"minecraft:damage_dealt":1404,"minecraft:swim_one_cm":226,"minecraft:talked_to_villager":14,"minecraft:fly_one_cm":241462,"minecraft:open_chest":41,"minecraft:crouch_one_cm":9602,"minecraft:play_time":69479,"minecraft:sneak_time":2526,"minecraft:walk_under_water_one_cm":843,"minecraft:jump":340,"minecraft:walk_on_water_one_cm":2877,"minecraft:total_world_time":69479,"minecraft:use_cauldron":5,"minecraft:fall_one_cm":8061}},"DataVersion":3839}