{"stats":{"minecraft:killed":{"minecraft:zombified_piglin":4,"minecraft:spider":12,"minecraft:shulker":39,"minecraft:skeleton":32,"minecraft:magma_cube":1,"minecraft:piglin":1,"minecraft:zombie_villager":1,"minecraft:salmon":22,"minecraft:ender_dragon":1,"minecraft:creeper":15,"minecraft:sheep":8,"minecraft:pillager":2,"minecraft:zombie":31,"minecraft:ghast":4,"minecraft:blaze":9,"minecraft:cow":1,"minecraft:slime":9,"minecraft:phantom":12,"minecraft:drowned":2,"minecraft:squid":4,"minecraft:wither_skeleton":17,"minecraft:villager":1,"minecraft:enderman":3178},"minecraft:killed_by":{"minecraft:zombie":1,"minecraft:skeleton":1},"minecraft:picked_up":{"minecraft:shulker_shell":27,"minecraft:wheat":53,"minecraft:ender_chest":18,"minecraft:nether_brick_fence":6,"minecraft:diamond_sword":3,"minecraft:oak_stairs":44,"minecraft:enchanted_book":6,"minecraft:potion":2,"minecraft:brewing_stand":1,"minecraft:golden_sword":1,"minecraft:polished_deepslate":1360,"minecraft:string":4082,"minecraft:soul_soil":31,"minecraft:raw_copper":54,"minecraft:cooked_salmon":16,"minecraft:deepslate_lapis_ore":3,"minecraft:diamond_leggings":5,"minecraft:gold_nugget":11,"minecraft:cobbled_deepslate":747,"minecraft:bucket":3,"minecraft:spruce_planks":31307,"minecraft:enchanted_golden_apple":1,"minecraft:deepslate_iron_ore":18,"minecraft:stick":57562,"minecraft:birch_trapdoor":6,"minecraft:oak_fence":29,"minecraft:torch":1310,"minecraft:purpur_pillar":8,"minecraft:pointed_dripstone":9,"minecraft:diorite":626,"minecraft:cauldron":6,"minecraft:nether_gold_ore":10,"minecraft:stone_sword":1,"minecraft:rotten_flesh":87,"minecraft:end_rod":3,"minecraft:blaze_rod":6,"minecraft:obsidian":20,"minecraft:cobblestone":2767,"minecraft:birch_log":20,"minecraft:cooked_beef":3,"minecraft:magma_cream":2,"minecraft:repeater":5,"minecraft:water_bucket":7,"minecraft:andesite":542,"minecraft:flint":27,"minecraft:tuff":24,"minecraft:wither_skeleton_skull":3,"minecraft:lapis_lazuli":34,"minecraft:dirt":1809,"minecraft:name_tag":5,"minecraft:bone":127,"minecraft:bow":5,"minecraft:wheat_seeds":228,"minecraft:raw_gold":6,"minecraft:diamond_helmet":5,"minecraft:mossy_stone_bricks":1,"minecraft:powered_rail":4,"minecraft:oak_planks":82,"minecraft:sand":124,"minecraft:stripped_spruce_log":1,"minecraft:ink_sac":8,"minecraft:loom":1,"minecraft:barrel":2,"minecraft:shulker_box":64,"minecraft:mossy_cobblestone":9,"minecraft:dispenser":103,"minecraft:diamond":14,"minecraft:deepslate":337,"minecraft:lever":9,"minecraft:deepslate_gold_ore":4,"minecraft:crossbow":1,"minecraft:granite":394,"minecraft:bone_meal":4,"minecraft:spruce_button":1,"minecraft:golden_apple":12,"minecraft:spruce_sign":1,"minecraft:emerald":120,"minecraft:oak_sapling":8,"minecraft:netherrack":2002,"minecraft:end_stone_bricks":22,"minecraft:diamond_pickaxe":12,"minecraft:spruce_leaves":99,"minecraft:azure_bluet":2,"minecraft:dragon_head":1,"minecraft:purpur_block":10,"minecraft:oak_trapdoor":4,"minecraft:elytra":8,"minecraft:white_carpet":2,"minecraft:blackstone":26,"minecraft:observer":76,"minecraft:poppy":4,"minecraft:spruce_slab":4509,"minecraft:lectern":1,"minecraft:sugar_cane":668,"minecraft:chest":35,"minecraft:birch_sapling":6,"minecraft:spruce_trapdoor":12,"minecraft:phantom_membrane":28,"minecraft:raw_copper_block":2,"minecraft:copper_ore":210,"minecraft:raw_iron":994,"minecraft:end_stone":240,"minecraft:polished_deepslate_slab":1915,"minecraft:stone":8464,"minecraft:oak_door":1,"minecraft:white_dye":15,"minecraft:carrot":2,"minecraft:redstone":64,"minecraft:arrow":83,"minecraft:nether_bricks":63,"minecraft:diamond_boots":4,"minecraft:purpur_slab":5,"minecraft:hay_block":2,"minecraft:gold_ingot":16,"minecraft:rail":3,"minecraft:white_wool":6,"minecraft:oxeye_daisy":2,"minecraft:lapis_ore":39,"minecraft:birch_leaves":2,"minecraft:purple_dye":2,"minecraft:basalt":56,"minecraft:golden_carrot":133,"minecraft:tripwire_hook":6,"minecraft:salmon":6,"minecraft:leather":3,"minecraft:purpur_stairs":4,"minecraft:oak_log":165,"minecraft:gunpowder":32,"minecraft:paper":2,"minecraft:cooked_mutton":23,"minecraft:stone_bricks":1,"minecraft:apple":90,"minecraft:oak_fence_gate":2,"minecraft:iron_ore":158,"minecraft:soul_sand":28,"minecraft:nether_quartz_ore":6,"minecraft:quartz":98,"minecraft:dandelion":9,"minecraft:dripstone_block":6,"minecraft:gravel":223,"minecraft:spruce_sapling":1183,"minecraft:white_bed":2,"minecraft:spruce_log":9639,"minecraft:gold_ore":13,"minecraft:spider_eye":13,"minecraft:firework_rocket":98,"minecraft:diamond_shovel":4,"minecraft:coal_ore":581,"minecraft:slime_ball":16,"minecraft:deepslate_redstone_ore":6,"minecraft:diamond_axe":7,"minecraft:gray_wool":1,"minecraft:damaged_anvil":1,"minecraft:coal":1109,"minecraft:ender_pearl":3650},"minecraft:dropped":{"minecraft:soul_sand":1,"minecraft:birch_planks":16,"minecraft:diamond_axe":2,"minecraft:cooked_beef":3,"minecraft:oak_log":24,"minecraft:ender_pearl":3450,"minecraft:crossbow":1,"minecraft:leather":3,"minecraft:emerald":96,"minecraft:flint":10,"minecraft:spruce_leaves":85,"minecraft:dirt":1988,"minecraft:raw_copper_block":2,"minecraft:dispenser":142,"minecraft:cornflower":3,"minecraft:gold_nugget":11,"minecraft:sand":128,"minecraft:birch_log":17,"minecraft:gold_ingot":4,"minecraft:bone":61,"minecraft:gravel":354,"minecraft:emerald_block":21,"minecraft:blackstone":24,"minecraft:sugar_cane":4,"minecraft:cobbled_deepslate":102,"minecraft:wheat":53,"minecraft:birch_sapling":11,"minecraft:obsidian":20,"minecraft:pointed_dripstone":1,"minecraft:rotten_flesh":64,"minecraft:oak_planks":9,"minecraft:end_stone":124,"minecraft:cooked_mutton":23,"minecraft:nether_brick_fence":6,"minecraft:azure_bluet":2,"minecraft:carrot":1,"minecraft:salmon":6,"minecraft:poppy":2,"minecraft:gunpowder":6,"minecraft:coal_ore":20,"minecraft:chest":25,"minecraft:spruce_slab":6209,"minecraft:basalt":17,"minecraft:arrow":27,"minecraft:quartz":2,"minecraft:oak_leaves":1,"minecraft:netherrack":710,"minecraft:enchanted_book":2,"minecraft:water_bucket":2,"minecraft:birch_leaves":2,"minecraft:wheat_seeds":265,"minecraft:dripstone_block":6,"minecraft:oak_fence":29,"minecraft:cobblestone":4792,"minecraft:book":2,"minecraft:observer":109,"minecraft:apple":2,"minecraft:granite":373,"minecraft:spruce_stairs":3,"minecraft:coal":12,"minecraft:stick":60146,"minecraft:oxeye_daisy":2,"minecraft:diorite":958,"minecraft:nether_gold_ore":10,"minecraft:golden_carrot":48,"minecraft:torch":498,"minecraft:cooked_salmon":12,"minecraft:lapis_ore":17,"minecraft:string":152,"minecraft:bucket":3,"minecraft:spruce_sapling":276,"minecraft:dandelion":8,"minecraft:polished_deepslate":1363,"minecraft:stone_sword":1,"minecraft:blaze_rod":6,"minecraft:tuff":24,"minecraft:white_carpet":14,"minecraft:polished_deepslate_slab":2014,"minecraft:shulker_box":4,"minecraft:copper_ore":36,"minecraft:stone":7337,"minecraft:spruce_planks":32468,"minecraft:diamond_pickaxe":2,"minecraft:andesite":720,"minecraft:mossy_stone_bricks":1,"minecraft:oak_sapling":23,"minecraft:golden_sword":1,"minecraft:spider_eye":8,"minecraft:spruce_log":64,"minecraft:bow":7,"minecraft:wooden_pickaxe":1,"minecraft:nether_quartz_ore":6,"minecraft:magma_cream":2},"minecraft:used":{"minecraft:spruce_slab":6476,"minecraft:dispenser":50,"minecraft:elytra":41,"minecraft:chest":48,"minecraft:shield":17,"minecraft:stone":994,"minecraft:spruce_leaves":1,"minecraft:soul_sand":8,"minecraft:nether_bricks":63,"minecraft:obsidian":10,"minecraft:lava_bucket":33,"minecraft:coal_ore":372,"minecraft:birch_trapdoor":6,"minecraft:repeater":41,"minecraft:bow":71,"minecraft:diorite":1,"minecraft:mossy_stone_bricks":4,"minecraft:end_stone_bricks":3,"minecraft:damaged_anvil":1,"minecraft:diamond_boots":2,"minecraft:dropper":4,"minecraft:wither_skeleton_skull":3,"minecraft:powered_rail":4,"minecraft:oak_planks":78,"minecraft:ender_pearl":29,"minecraft:diamond_axe":1394,"minecraft:sugar_cane":67,"minecraft:purpur_pillar":1,"minecraft:golden_apple":2,"minecraft:loom":2,"minecraft:end_stone":51,"minecraft:shears":152,"minecraft:redstone_torch":1,"minecraft:lever":14,"minecraft:firework_rocket":280,"minecraft:string":284,"minecraft:deepslate":40,"minecraft:diamond_sword":1086,"minecraft:andesite":26,"minecraft:birch_log":3,"minecraft:experience_bottle":42,"minecraft:purpur_block":1,"minecraft:iron_bars":1,"minecraft:flint_and_steel":1,"minecraft:redstone":165,"minecraft:spruce_planks":2189,"minecraft:ender_chest":7,"minecraft:netherrack":780,"minecraft:torch":855,"minecraft:dirt":1317,"minecraft:anvil":1,"minecraft:white_carpet":2,"minecraft:hopper":4,"minecraft:diamond_helmet":1,"minecraft:shulker_box":65,"minecraft:granite":84,"minecraft:spruce_button":2,"minecraft:barrel":3,"minecraft:diamond_chestplate":39,"minecraft:tripwire_hook":12,"minecraft:golden_carrot":164,"minecraft:minecart":1,"minecraft:cobbled_deepslate":702,"minecraft:observer":56,"minecraft:pointed_dripstone":7,"minecraft:water_bucket":264,"minecraft:cobblestone_stairs":1,"minecraft:birch_planks":8,"minecraft:spruce_sign":2,"minecraft:cauldron":6,"minecraft:polished_deepslate_slab":2,"minecraft:rail":3,"minecraft:crafting_table":2,"minecraft:white_bed":1,"minecraft:spruce_log":180,"minecraft:oak_log":1,"minecraft:ender_eye":15,"minecraft:diamond_pickaxe":37340,"minecraft:apple":1,"minecraft:diamond_shovel":4092,"minecraft:spruce_trapdoor":120,"minecraft:spruce_sapling":5,"minecraft:cobblestone":192,"minecraft:bucket":312,"minecraft:glass_pane":1,"minecraft:diamond_leggings":2},"minecraft:custom":{"minecraft:interact_with_crafting_table":110,"minecraft:open_barrel":1,"minecraft:open_shulker_box":260,"minecraft:leave_game":52,"minecraft:time_since_death":150582,"minecraft:sprint_one_cm":2142648,"minecraft:damage_blocked_by_shield":911,"minecraft:drop":23147,"minecraft:talked_to_villager":365,"minecraft:play_time":1176191,"minecraft:deaths":6,"minecraft:jump":10146,"minecraft:walk_on_water_one_cm":156049,"minecraft:interact_with_furnace":15,"minecraft:traded_with_villager":2610,"minecraft:interact_with_loom":10,"minecraft:sleep_in_bed":17,"minecraft:open_enderchest":58,"minecraft:damage_dealt":48764,"minecraft:crouch_one_cm":480998,"minecraft:use_cauldron":19,"minecraft:inspect_dispenser":43,"minecraft:inspect_dropper":7,"minecraft:mob_kills":3422,"minecraft:interact_with_anvil":42,"minecraft:inspect_hopper":15,"minecraft:climb_one_cm":2815,"minecraft:walk_one_cm":3624350,"minecraft:sneak_time":100447,"minecraft:walk_under_water_one_cm":74555,"minecraft:interact_with_blast_furnace":11,"minecraft:total_world_time":1176191,"minecraft:interact_with_grindstone":5,"minecraft:time_since_rest":1569,"minecraft:damage_taken":13207,"minecraft:damage_absorbed":40,"minecraft:swim_one_cm":92027,"minecraft:fly_one_cm":5522497,"minecraft:open_chest":1108,"minecraft:aviate_one_cm":7405879,"minecraft:fall_one_cm":385239},"minecraft:crafted":{"minecraft:black_dye":8,"minecraft:oak_planks":132,"minecraft:barrel":1,"minecraft:loom":1,"minecraft:cobblestone_stairs":4,"minecraft:lever":5,"minecraft:diamond_shovel":1,"minecraft:flower_banner_pattern":1,"minecraft:shulker_box":8,"minecraft:iron_bars":16,"minecraft:glass":6,"minecraft:hopper":4,"minecraft:repeater":11,"minecraft:diamond_leggings":1,"minecraft:bow":76,"minecraft:chest":73,"minecraft:black_wool":6,"minecraft:emerald":2225,"minecraft:diamond_axe":1,"minecraft:crafting_table":2,"minecraft:spruce_planks":44908,"minecraft:mojang_banner_pattern":1,"minecraft:birch_planks":28,"minecraft:polished_deepslate_slab":2014,"minecraft:dispenser":89,"minecraft:spruce_trapdoor":136,"minecraft:paper":277,"minecraft:diamond_pickaxe":1,"minecraft:emerald_block":45,"minecraft:shield":1,"minecraft:stick":73808,"minecraft:iron_ingot":198,"minecraft:iron_block":3,"minecraft:redstone_torch":22,"minecraft:shears":3,"minecraft:golden_carrot":96,"minecraft:redstone":684,"minecraft:tripwire_hook":10,"minecraft:experience_bottle":42,"minecraft:spruce_button":2,"minecraft:glass_pane":16,"minecraft:polished_deepslate":968,"minecraft:spruce_slab":8028,"minecraft:diamond_boots":1,"minecraft:observer":93,"minecraft:minecart":1,"minecraft:red_dye":2,"minecraft:diamond_sword":1,"minecraft:spruce_sign":3,"minecraft:black_banner":1,"minecraft:bucket":21,"minecraft:enchanted_book":30,"minecraft:air":0,"minecraft:anvil":1,"minecraft:torch":1416,"minecraft:diamond_chestplate":1,"minecraft:firework_rocket":828},"minecraft:mined":{"minecraft:dragon_wall_head":1,"minecraft:spruce_planks":118,"minecraft:white_bed":2,"minecraft:oak_sapling":1,"minecraft:farmland":81,"minecraft:cobblestone_stairs":5,"minecraft:brewing_stand":1,"minecraft:obsidian":23,"minecraft:granite":1497,"minecraft:spruce_trapdoor":12,"minecraft:grass_block":1164,"minecraft:oak_pressure_plate":1,"minecraft:soul_soil":24,"minecraft:purpur_slab":5,"minecraft:oxeye_daisy":2,"minecraft:spawner":3,"minecraft:tall_seagrass":6,"minecraft:iron_ore":471,"minecraft:cobbled_deepslate":47,"minecraft:barrel":2,"minecraft:deepslate_lapis_ore":3,"minecraft:pointed_dripstone":8,"minecraft:polished_deepslate_slab":1,"minecraft:dirt_path":487,"minecraft:oak_stairs":173,"minecraft:end_stone_bricks":22,"minecraft:spruce_slab":273,"minecraft:tripwire":10,"minecraft:deepslate_redstone_ore":7,"minecraft:blackstone":27,"minecraft:purpur_stairs":5,"minecraft:torch":12,"minecraft:poppy":1,"minecraft:chest":12,"minecraft:spruce_wall_sign":1,"minecraft:nether_quartz_ore":54,"minecraft:glass":1,"minecraft:cobblestone":397,"minecraft:damaged_anvil":1,"minecraft:oak_planks":139,"minecraft:sugar_cane":382,"minecraft:wall_torch":3,"minecraft:cauldron":6,"minecraft:deepslate_copper_ore":5,"minecraft:birch_sapling":3,"minecraft:repeater":5,"minecraft:powered_rail":4,"minecraft:yellow_wool":9,"minecraft:birch_log":9,"minecraft:birch_trapdoor":6,"minecraft:purpur_block":13,"minecraft:oak_log":166,"minecraft:oak_fence_gate":2,"minecraft:loom":1,"minecraft:sand":360,"minecraft:dirt":1001,"minecraft:tripwire_hook":3,"minecraft:raw_copper_block":2,"minecraft:dispenser":7,"minecraft:netherrack":2370,"minecraft:oak_leaves":11,"minecraft:deepslate":1392,"minecraft:nether_gold_ore":10,"minecraft:diamond_ore":6,"minecraft:tuff":45,"minecraft:mossy_cobblestone":14,"minecraft:deepslate_diamond_ore":1,"minecraft:oak_door":3,"minecraft:end_stone":220,"minecraft:shulker_box":65,"minecraft:lever":7,"minecraft:nether_bricks":67,"minecraft:redstone_wire":1,"minecraft:spruce_leaves":60,"minecraft:hay_block":2,"minecraft:redstone_ore":8,"minecraft:oak_trapdoor":10,"minecraft:spruce_sapling":5,"minecraft:andesite":2537,"minecraft:nether_brick_fence":7,"minecraft:deepslate_iron_ore":32,"minecraft:rail":3,"minecraft:stone":24623,"minecraft:white_wool":6,"minecraft:ender_chest":10,"minecraft:podzol":418,"minecraft:oak_slab":27,"minecraft:glass_pane":10,"minecraft:soul_sand":81,"minecraft:basalt":56,"minecraft:observer":12,"minecraft:dandelion":1,"minecraft:oak_fence":52,"minecraft:short_grass":48,"minecraft:spruce_button":1,"minecraft:lectern":1,"minecraft:purpur_pillar":8,"minecraft:copper_ore":235,"minecraft:deepslate_coal_ore":7,"minecraft:deepslate_gold_ore":4,"minecraft:lapis_ore":33,"minecraft:diorite":1957,"minecraft:birch_planks":3,"minecraft:spruce_log":275,"minecraft:coal_ore":939,"minecraft:end_rod":1,"minecraft:gravel":525,"minecraft:dripstone_block":6,"minecraft:stone_bricks":1,"minecraft:gold_ore":13,"minecraft:infested_stone":5}},"DataVersion":3839}