{"stats":{"minecraft:crafted":{"minecraft:black_dye":8,"minecraft:experience_bottle":42,"minecraft:loom":1,"minecraft:flower_banner_pattern":1,"minecraft:black_wool":6,"minecraft:red_dye":2,"minecraft:emerald":356,"minecraft:spruce_planks":4328,"minecraft:black_banner":1,"minecraft:mojang_banner_pattern":1,"minecraft:birch_planks":4,"minecraft:paper":3,"minecraft:emerald_block":37,"minecraft:shield":1,"minecraft:stick":8660},"minecraft:custom":{"minecraft:mob_kills":82,"minecraft:interact_with_anvil":4,"minecraft:interact_with_crafting_table":6,"minecraft:leave_game":7,"minecraft:time_since_death":176820,"minecraft:climb_one_cm":914,"minecraft:sprint_one_cm":413435,"minecraft:walk_one_cm":378665,"minecraft:damage_blocked_by_shield":390,"minecraft:drop":31,"minecraft:talked_to_villager":32,"minecraft:play_time":177082,"minecraft:sneak_time":9256,"minecraft:walk_under_water_one_cm":38877,"minecraft:jump":2754,"minecraft:walk_on_water_one_cm":20125,"minecraft:total_world_time":177082,"minecraft:traded_with_villager":326,"minecraft:interact_with_loom":8,"minecraft:sleep_in_bed":3,"minecraft:time_since_rest":99220,"minecraft:open_enderchest":1,"minecraft:damage_taken":2089,"minecraft:damage_dealt":12210,"minecraft:swim_one_cm":49436,"minecraft:fly_one_cm":930670,"minecraft:open_chest":136,"minecraft:crouch_one_cm":33995,"minecraft:aviate_one_cm":360490,"minecraft:fall_one_cm":111902,"minecraft:use_cauldron":11},"minecraft:mined":{"minecraft:dragon_wall_head":1,"minecraft:farmland":80,"minecraft:mossy_cobblestone":14,"minecraft:oak_door":3,"minecraft:cobblestone_stairs":5,"minecraft:brewing_stand":1,"minecraft:end_stone":80,"minecraft:obsidian":23,"minecraft:granite":6,"minecraft:grass_block":1134,"minecraft:oak_pressure_plate":1,"minecraft:soul_soil":24,"minecraft:purpur_slab":3,"minecraft:spruce_leaves":10,"minecraft:oxeye_daisy":2,"minecraft:hay_block":2,"minecraft:tall_seagrass":6,"minecraft:oak_trapdoor":10,"minecraft:pointed_dripstone":4,"minecraft:dirt_path":487,"minecraft:oak_stairs":173,"minecraft:end_stone_bricks":13,"minecraft:stone":1,"minecraft:white_wool":6,"minecraft:ender_chest":2,"minecraft:tripwire":2,"minecraft:podzol":416,"minecraft:oak_slab":27,"minecraft:glass_pane":10,"minecraft:soul_sand":72,"minecraft:blackstone":3,"minecraft:basalt":38,"minecraft:purpur_stairs":4,"minecraft:dandelion":1,"minecraft:oak_fence":52,"minecraft:short_grass":47,"minecraft:poppy":1,"minecraft:chest":2,"minecraft:purpur_pillar":7,"minecraft:cobblestone":115,"minecraft:oak_planks":81,"minecraft:sugar_cane":6,"minecraft:wall_torch":1,"minecraft:cauldron":6,"minecraft:yellow_wool":9,"minecraft:birch_log":6,"minecraft:birch_trapdoor":2,"minecraft:spruce_log":6,"minecraft:purpur_block":7,"minecraft:oak_log":166,"minecraft:oak_fence_gate":2,"minecraft:sand":351,"minecraft:dirt":206,"minecraft:stone_bricks":1,"minecraft:netherrack":1388,"minecraft:oak_leaves":11},"minecraft:picked_up":{"minecraft:end_stone_bricks":13,"minecraft:wheat":53,"minecraft:azure_bluet":2,"minecraft:ender_chest":2,"minecraft:oak_stairs":44,"minecraft:potion":2,"minecraft:enchanted_book":2,"minecraft:dragon_head":1,"minecraft:brewing_stand":1,"minecraft:purpur_block":6,"minecraft:string":2,"minecraft:oak_trapdoor":4,"minecraft:elytra":1,"minecraft:soul_soil":31,"minecraft:cooked_salmon":16,"minecraft:blackstone":2,"minecraft:poppy":4,"minecraft:enchanted_golden_apple":1,"minecraft:sugar_cane":13,"minecraft:end_stone":80,"minecraft:birch_trapdoor":2,"minecraft:oak_fence":29,"minecraft:torch":19,"minecraft:purpur_pillar":7,"minecraft:white_dye":15,"minecraft:pointed_dripstone":5,"minecraft:diorite":1,"minecraft:cauldron":6,"minecraft:arrow":5,"minecraft:rotten_flesh":7,"minecraft:purpur_slab":3,"minecraft:hay_block":2,"minecraft:end_rod":2,"minecraft:obsidian":20,"minecraft:cobblestone":69,"minecraft:white_wool":6,"minecraft:oxeye_daisy":2,"minecraft:cooked_beef":3,"minecraft:purple_dye":2,"minecraft:basalt":39,"minecraft:andesite":1,"minecraft:tripwire_hook":2,"minecraft:salmon":6,"minecraft:leather":3,"minecraft:purpur_stairs":4,"minecraft:oak_log":161,"minecraft:dirt":1541,"minecraft:cooked_mutton":23,"minecraft:bone":4,"minecraft:stone_bricks":1,"minecraft:wheat_seeds":228,"minecraft:oak_fence_gate":2,"minecraft:mossy_stone_bricks":1,"minecraft:oak_planks":24,"minecraft:soul_sand":19,"minecraft:dandelion":7,"minecraft:sand":118,"minecraft:spruce_sapling":2,"minecraft:ink_sac":8,"minecraft:spruce_log":6,"minecraft:mossy_cobblestone":9,"minecraft:lever":1,"minecraft:granite":6,"minecraft:bone_meal":4,"minecraft:gray_wool":1,"minecraft:netherrack":1082,"minecraft:shulker_shell":17,"minecraft:diamond_pickaxe":1,"minecraft:ender_pearl":16},"minecraft:used":{"minecraft:flint_and_steel":1,"minecraft:elytra":10,"minecraft:shield":13,"minecraft:netherrack":532,"minecraft:spruce_leaves":1,"minecraft:dirt":1033,"minecraft:diamond_helmet":1,"minecraft:obsidian":10,"minecraft:lava_bucket":22,"minecraft:diamond_chestplate":10,"minecraft:bow":36,"minecraft:golden_carrot":33,"minecraft:pointed_dripstone":5,"minecraft:mossy_stone_bricks":4,"minecraft:water_bucket":45,"minecraft:end_stone_bricks":2,"minecraft:diamond_boots":1,"minecraft:ender_pearl":16,"minecraft:cauldron":6,"minecraft:diamond_axe":566,"minecraft:sugar_cane":4,"minecraft:loom":1,"minecraft:end_stone":16,"minecraft:oak_log":1,"minecraft:ender_eye":15,"minecraft:diamond_pickaxe":1739,"minecraft:diamond_shovel":2778,"minecraft:diamond_sword":246,"minecraft:bucket":64,"minecraft:diamond_leggings":1,"minecraft:experience_bottle":42},"minecraft:dropped":{"minecraft:wheat_seeds":261,"minecraft:cooked_beef":3,"minecraft:oak_fence":29,"minecraft:book":2,"minecraft:leather":3,"minecraft:stick":4,"minecraft:emerald":72,"minecraft:cooked_salmon":12,"minecraft:sand":128,"minecraft:spruce_sapling":2,"minecraft:dandelion":7,"minecraft:bone":4,"minecraft:sugar_cane":2,"minecraft:wheat":53,"minecraft:obsidian":20,"minecraft:cooked_mutton":23,"minecraft:azure_bluet":2,"minecraft:salmon":6,"minecraft:poppy":2,"minecraft:diamond_pickaxe":1,"minecraft:mossy_stone_bricks":1},"minecraft:killed":{"minecraft:shulker":25,"minecraft:skeleton":4,"minecraft:salmon":22,"minecraft:ender_dragon":1,"minecraft:squid":4,"minecraft:sheep":8,"minecraft:zombie":4,"minecraft:ghast":1,"minecraft:villager":1,"minecraft:enderman":6,"minecraft:cow":1}},"DataVersion":3839}