{"stats":{"minecraft:mined":{"minecraft:dragon_wall_head":1,"minecraft:spruce_planks":117,"minecraft:white_bed":2,"minecraft:farmland":80,"minecraft:cobblestone_stairs":5,"minecraft:brewing_stand":1,"minecraft:obsidian":23,"minecraft:granite":6,"minecraft:grass_block":1155,"minecraft:oak_pressure_plate":1,"minecraft:soul_soil":24,"minecraft:purpur_slab":3,"minecraft:oxeye_daisy":2,"minecraft:spawner":2,"minecraft:tall_seagrass":6,"minecraft:iron_ore":2,"minecraft:pointed_dripstone":4,"minecraft:dirt_path":487,"minecraft:oak_stairs":173,"minecraft:end_stone_bricks":13,"minecraft:spruce_slab":273,"minecraft:tripwire":4,"minecraft:blackstone":27,"minecraft:purpur_stairs":5,"minecraft:torch":10,"minecraft:poppy":1,"minecraft:chest":12,"minecraft:spruce_wall_sign":1,"minecraft:cobblestone":162,"minecraft:nether_quartz_ore":54,"minecraft:glass":1,"minecraft:sugar_cane":125,"minecraft:oak_planks":89,"minecraft:damaged_anvil":1,"minecraft:wall_torch":1,"minecraft:cauldron":6,"minecraft:birch_sapling":3,"minecraft:powered_rail":2,"minecraft:yellow_wool":9,"minecraft:birch_log":9,"minecraft:birch_trapdoor":3,"minecraft:purpur_block":7,"minecraft:oak_log":166,"minecraft:oak_fence_gate":2,"minecraft:loom":1,"minecraft:sand":351,"minecraft:dirt":376,"minecraft:dispenser":7,"minecraft:netherrack":2349,"minecraft:oak_leaves":11,"minecraft:nether_gold_ore":10,"minecraft:mossy_cobblestone":14,"minecraft:oak_door":3,"minecraft:end_stone":180,"minecraft:shulker_box":60,"minecraft:lever":1,"minecraft:nether_bricks":67,"minecraft:spruce_leaves":57,"minecraft:hay_block":2,"minecraft:oak_trapdoor":10,"minecraft:spruce_sapling":3,"minecraft:nether_brick_fence":7,"minecraft:stone":4825,"minecraft:white_wool":6,"minecraft:ender_chest":6,"minecraft:podzol":416,"minecraft:oak_slab":27,"minecraft:glass_pane":10,"minecraft:soul_sand":81,"minecraft:basalt":50,"minecraft:observer":12,"minecraft:dandelion":1,"minecraft:oak_fence":52,"minecraft:short_grass":48,"minecraft:spruce_button":1,"minecraft:copper_ore":20,"minecraft:purpur_pillar":7,"minecraft:spruce_log":275,"minecraft:coal_ore":191,"minecraft:gravel":59,"minecraft:stone_bricks":1},"minecraft:dropped":{"minecraft:soul_sand":1,"minecraft:birch_planks":16,"minecraft:diamond_axe":2,"minecraft:cooked_beef":3,"minecraft:ender_pearl":2047,"minecraft:leather":3,"minecraft:emerald":95,"minecraft:spruce_leaves":85,"minecraft:dirt":184,"minecraft:dispenser":142,"minecraft:gold_nugget":11,"minecraft:sand":128,"minecraft:birch_log":11,"minecraft:bone":10,"minecraft:emerald_block":21,"minecraft:blackstone":24,"minecraft:sugar_cane":4,"minecraft:wheat":53,"minecraft:birch_sapling":6,"minecraft:obsidian":20,"minecraft:rotten_flesh":34,"minecraft:end_stone":84,"minecraft:cooked_mutton":23,"minecraft:nether_brick_fence":6,"minecraft:azure_bluet":2,"minecraft:salmon":6,"minecraft:poppy":2,"minecraft:chest":25,"minecraft:spruce_slab":6209,"minecraft:basalt":11,"minecraft:arrow":3,"minecraft:quartz":2,"minecraft:netherrack":698,"minecraft:water_bucket":1,"minecraft:birch_leaves":2,"minecraft:wheat_seeds":261,"minecraft:oak_fence":29,"minecraft:cobblestone":156,"minecraft:book":2,"minecraft:observer":109,"minecraft:spruce_stairs":3,"minecraft:stick":53689,"minecraft:nether_gold_ore":10,"minecraft:golden_carrot":48,"minecraft:torch":497,"minecraft:cooked_salmon":12,"minecraft:bucket":3,"minecraft:spruce_sapling":237,"minecraft:dandelion":7,"minecraft:blaze_rod":6,"minecraft:stone_sword":1,"minecraft:shulker_box":4,"minecraft:stone":94,"minecraft:spruce_planks":30572,"minecraft:diamond_pickaxe":2,"minecraft:mossy_stone_bricks":1,"minecraft:oak_sapling":1,"minecraft:golden_sword":1,"minecraft:spider_eye":3,"minecraft:spruce_log":64,"minecraft:bow":7,"minecraft:nether_quartz_ore":6,"minecraft:magma_cream":2},"minecraft:crafted":{"minecraft:black_dye":8,"minecraft:oak_planks":128,"minecraft:loom":1,"minecraft:cobblestone_stairs":4,"minecraft:diamond_shovel":1,"minecraft:lever":1,"minecraft:flower_banner_pattern":1,"minecraft:shulker_box":8,"minecraft:iron_bars":16,"minecraft:hopper":4,"minecraft:diamond_leggings":1,"minecraft:bow":76,"minecraft:chest":73,"minecraft:black_wool":6,"minecraft:emerald":2040,"minecraft:diamond_axe":1,"minecraft:crafting_table":1,"minecraft:spruce_planks":42124,"minecraft:mojang_banner_pattern":1,"minecraft:birch_planks":28,"minecraft:dispenser":89,"minecraft:spruce_trapdoor":8,"minecraft:diamond_pickaxe":1,"minecraft:paper":118,"minecraft:emerald_block":45,"minecraft:shield":1,"minecraft:stick":69484,"minecraft:iron_ingot":70,"minecraft:iron_block":3,"minecraft:shears":1,"minecraft:golden_carrot":63,"minecraft:redstone":442,"minecraft:experience_bottle":42,"minecraft:spruce_button":2,"minecraft:spruce_slab":8028,"minecraft:diamond_boots":1,"minecraft:observer":93,"minecraft:minecart":1,"minecraft:red_dye":2,"minecraft:diamond_sword":1,"minecraft:spruce_sign":3,"minecraft:black_banner":1,"minecraft:bucket":10,"minecraft:enchanted_book":30,"minecraft:air":0,"minecraft:anvil":1,"minecraft:torch":648,"minecraft:diamond_chestplate":1,"minecraft:firework_rocket":351},"minecraft:killed":{"minecraft:zombified_piglin":4,"minecraft:spider":2,"minecraft:shulker":29,"minecraft:skeleton":11,"minecraft:magma_cube":1,"minecraft:piglin":1,"minecraft:salmon":22,"minecraft:ender_dragon":1,"minecraft:creeper":5,"minecraft:sheep":8,"minecraft:zombie":8,"minecraft:ghast":4,"minecraft:blaze":9,"minecraft:cow":1,"minecraft:phantom":12,"minecraft:drowned":2,"minecraft:squid":4,"minecraft:wither_skeleton":17,"minecraft:villager":1,"minecraft:enderman":2147},"minecraft:used":{"minecraft:dispenser":50,"minecraft:spruce_slab":6476,"minecraft:elytra":34,"minecraft:chest":46,"minecraft:shield":17,"minecraft:stone":76,"minecraft:spruce_leaves":1,"minecraft:soul_sand":8,"minecraft:nether_bricks":63,"minecraft:obsidian":10,"minecraft:lava_bucket":33,"minecraft:birch_trapdoor":3,"minecraft:repeater":25,"minecraft:bow":71,"minecraft:damaged_anvil":1,"minecraft:mossy_stone_bricks":4,"minecraft:diamond_boots":1,"minecraft:end_stone_bricks":2,"minecraft:dropper":4,"minecraft:wither_skeleton_skull":3,"minecraft:powered_rail":2,"minecraft:oak_planks":45,"minecraft:ender_pearl":29,"minecraft:diamond_axe":1305,"minecraft:sugar_cane":62,"minecraft:loom":2,"minecraft:shears":8,"minecraft:end_stone":51,"minecraft:redstone_torch":1,"minecraft:lever":3,"minecraft:firework_rocket":73,"minecraft:string":19,"minecraft:diamond_sword":722,"minecraft:birch_log":3,"minecraft:experience_bottle":42,"minecraft:iron_bars":1,"minecraft:flint_and_steel":1,"minecraft:redstone":53,"minecraft:spruce_planks":2188,"minecraft:ender_chest":5,"minecraft:netherrack":771,"minecraft:torch":143,"minecraft:dirt":1272,"minecraft:anvil":1,"minecraft:white_carpet":2,"minecraft:hopper":4,"minecraft:diamond_helmet":1,"minecraft:shulker_box":61,"minecraft:spruce_button":2,"minecraft:diamond_chestplate":33,"minecraft:tripwire_hook":2,"minecraft:golden_carrot":94,"minecraft:minecart":1,"minecraft:observer":56,"minecraft:pointed_dripstone":5,"minecraft:water_bucket":143,"minecraft:cobblestone_stairs":1,"minecraft:birch_planks":8,"minecraft:cauldron":6,"minecraft:spruce_sign":2,"minecraft:crafting_table":1,"minecraft:white_bed":1,"minecraft:spruce_log":180,"minecraft:oak_log":1,"minecraft:ender_eye":15,"minecraft:diamond_pickaxe":8156,"minecraft:apple":1,"minecraft:diamond_shovel":2989,"minecraft:spruce_trapdoor":8,"minecraft:spruce_sapling":3,"minecraft:cobblestone":69,"minecraft:bucket":193,"minecraft:diamond_leggings":1},"minecraft:picked_up":{"minecraft:shulker_shell":21,"minecraft:wheat":53,"minecraft:nether_brick_fence":6,"minecraft:ender_chest":6,"minecraft:oak_stairs":44,"minecraft:potion":2,"minecraft:enchanted_book":2,"minecraft:brewing_stand":1,"minecraft:golden_sword":1,"minecraft:string":34,"minecraft:raw_copper":42,"minecraft:soul_soil":31,"minecraft:cooked_salmon":16,"minecraft:gold_nugget":11,"minecraft:bucket":3,"minecraft:spruce_planks":29418,"minecraft:enchanted_golden_apple":1,"minecraft:stick":52061,"minecraft:birch_trapdoor":3,"minecraft:oak_fence":29,"minecraft:torch":31,"minecraft:purpur_pillar":7,"minecraft:pointed_dripstone":5,"minecraft:diorite":1,"minecraft:cauldron":6,"minecraft:nether_gold_ore":10,"minecraft:stone_sword":1,"minecraft:rotten_flesh":41,"minecraft:end_rod":2,"minecraft:blaze_rod":6,"minecraft:obsidian":20,"minecraft:cobblestone":1034,"minecraft:birch_log":20,"minecraft:cooked_beef":3,"minecraft:magma_cream":2,"minecraft:water_bucket":1,"minecraft:andesite":1,"minecraft:flint":11,"minecraft:wither_skeleton_skull":3,"minecraft:dirt":1676,"minecraft:name_tag":1,"minecraft:bone":70,"minecraft:bow":5,"minecraft:wheat_seeds":228,"minecraft:mossy_stone_bricks":1,"minecraft:powered_rail":2,"minecraft:oak_planks":32,"minecraft:sand":118,"minecraft:stripped_spruce_log":1,"minecraft:ink_sac":8,"minecraft:loom":1,"minecraft:shulker_box":59,"minecraft:mossy_cobblestone":9,"minecraft:dispenser":103,"minecraft:lever":2,"minecraft:granite":6,"minecraft:bone_meal":4,"minecraft:golden_apple":12,"minecraft:spruce_sign":1,"minecraft:spruce_button":1,"minecraft:emerald":120,"minecraft:oak_sapling":1,"minecraft:netherrack":1981,"minecraft:diamond_pickaxe":2,"minecraft:end_stone_bricks":13,"minecraft:spruce_leaves":99,"minecraft:azure_bluet":2,"minecraft:dragon_head":1,"minecraft:purpur_block":6,"minecraft:elytra":2,"minecraft:oak_trapdoor":4,"minecraft:white_carpet":2,"minecraft:blackstone":26,"minecraft:observer":76,"minecraft:poppy":4,"minecraft:spruce_slab":4509,"minecraft:sugar_cane":187,"minecraft:chest":35,"minecraft:birch_sapling":6,"minecraft:phantom_membrane":28,"minecraft:copper_ore":1,"minecraft:end_stone":200,"minecraft:stone":2478,"minecraft:oak_door":1,"minecraft:white_dye":15,"minecraft:redstone":1,"minecraft:arrow":11,"minecraft:nether_bricks":63,"minecraft:hay_block":2,"minecraft:purpur_slab":3,"minecraft:white_wool":6,"minecraft:oxeye_daisy":2,"minecraft:birch_leaves":2,"minecraft:purple_dye":2,"minecraft:basalt":50,"minecraft:golden_carrot":74,"minecraft:tripwire_hook":2,"minecraft:salmon":6,"minecraft:leather":3,"minecraft:purpur_stairs":4,"minecraft:oak_log":161,"minecraft:gunpowder":10,"minecraft:paper":2,"minecraft:cooked_mutton":23,"minecraft:apple":84,"minecraft:stone_bricks":1,"minecraft:oak_fence_gate":2,"minecraft:iron_ore":2,"minecraft:soul_sand":28,"minecraft:nether_quartz_ore":6,"minecraft:quartz":98,"minecraft:dandelion":7,"minecraft:gravel":95,"minecraft:spruce_sapling":1118,"minecraft:spruce_log":8917,"minecraft:white_bed":2,"minecraft:spider_eye":3,"minecraft:firework_rocket":1,"minecraft:coal_ore":79,"minecraft:diamond_axe":2,"minecraft:gray_wool":1,"minecraft:damaged_anvil":1,"minecraft:coal":304,"minecraft:ender_pearl":2266},"minecraft:custom":{"minecraft:interact_with_crafting_table":86,"minecraft:open_shulker_box":221,"minecraft:leave_game":40,"minecraft:time_since_death":116226,"minecraft:sprint_one_cm":1448471,"minecraft:damage_blocked_by_shield":911,"minecraft:drop":20660,"minecraft:talked_to_villager":344,"minecraft:play_time":783802,"minecraft:deaths":1,"minecraft:jump":7473,"minecraft:walk_on_water_one_cm":109383,"minecraft:interact_with_furnace":9,"minecraft:traded_with_villager":2293,"minecraft:interact_with_loom":10,"minecraft:sleep_in_bed":10,"minecraft:open_enderchest":44,"minecraft:damage_dealt":30419,"minecraft:crouch_one_cm":376150,"minecraft:use_cauldron":19,"minecraft:inspect_dispenser":43,"minecraft:inspect_dropper":7,"minecraft:mob_kills":2299,"minecraft:interact_with_anvil":42,"minecraft:inspect_hopper":14,"minecraft:climb_one_cm":2815,"minecraft:walk_one_cm":1978606,"minecraft:sneak_time":79256,"minecraft:walk_under_water_one_cm":63402,"minecraft:interact_with_blast_furnace":4,"minecraft:total_world_time":783802,"minecraft:interact_with_grindstone":5,"minecraft:time_since_rest":100653,"minecraft:damage_taken":5973,"minecraft:swim_one_cm":86828,"minecraft:fly_one_cm":3841944,"minecraft:open_chest":840,"minecraft:aviate_one_cm":4235078,"minecraft:fall_one_cm":242520}},"DataVersion":3839}