{"stats":{"minecraft:mined":{"minecraft:short_grass":1},"minecraft:custom":{"minecraft:jump":21,"minecraft:time_since_rest":42,"minecraft:leave_game":1,"minecraft:damage_dealt":90,"minecraft:crouch_one_cm":289,"minecraft:deaths":1,"minecraft:sprint_one_cm":342,"minecraft:play_time":1132,"minecraft:damage_taken":440,"minecraft:time_since_death":0,"minecraft:walk_one_cm":1854,"minecraft:sneak_time":58,"minecraft:total_world_time":1132,"minecraft:fall_one_cm":4422,"minecraft:fly_one_cm":1924,"minecraft:player_kills":1}},"DataVersion":3839}