{"stats":{"minecraft:broken":{"minecraft:stone_axe":1,"minecraft:stone_shovel":1,"minecraft:diamond_axe":2},"minecraft:dropped":{"minecraft:iron_sword":1,"minecraft:porkchop":6,"minecraft:diamond_axe":1,"minecraft:lapis_lazuli":10,"minecraft:oak_log":9,"minecraft:glass_bottle":3,"minecraft:crossbow":2,"minecraft:leather":1,"minecraft:saddle":1,"minecraft:rail":1,"minecraft:emerald":58,"minecraft:flint":3,"minecraft:cobblestone_stairs":19,"minecraft:spruce_leaves":26,"minecraft:dirt":26,"minecraft:dispenser":45,"minecraft:gold_nugget":4,"minecraft:phantom_membrane":2,"minecraft:iron_pickaxe":1,"minecraft:gold_ingot":4,"minecraft:bone":24,"minecraft:oak_door":3,"minecraft:gravel":8,"minecraft:stone_axe":3,"minecraft:birch_sapling":6,"minecraft:obsidian":3,"minecraft:pointed_dripstone":10,"minecraft:rotten_flesh":46,"minecraft:enchanted_golden_apple":1,"minecraft:end_stone":7,"minecraft:azure_bluet":11,"minecraft:salmon":4,"minecraft:carrot":2012,"minecraft:poppy":4,"minecraft:gunpowder":7,"minecraft:chainmail_boots":2,"minecraft:white_dye":15,"minecraft:end_stone_bricks":4,"minecraft:basalt":22,"minecraft:iron_bars":2,"minecraft:arrow":23,"minecraft:glass":212,"minecraft:netherrack":694,"minecraft:lectern":2,"minecraft:enchanted_book":2,"minecraft:stone_hoe":1,"minecraft:iron_ingot":41,"minecraft:bread":11,"minecraft:wheat_seeds":18,"minecraft:mossy_cobblestone":32,"minecraft:oak_fence":7,"minecraft:golden_axe":3,"minecraft:iron_helmet":1,"minecraft:cobblestone":265,"minecraft:observer":1,"minecraft:apple":1,"minecraft:granite":6,"minecraft:spruce_button":258,"minecraft:purple_dye":2,"minecraft:stick":118,"minecraft:oxeye_daisy":12,"minecraft:diorite":2,"minecraft:golden_carrot":31,"minecraft:light_gray_stained_glass":133,"minecraft:oak_stairs":2,"minecraft:iron_axe":1,"minecraft:chainmail_leggings":3,"minecraft:string":8,"minecraft:bucket":1,"minecraft:spruce_sapling":256,"minecraft:redstone":3,"minecraft:soul_soil":1,"minecraft:cobblestone_wall":3,"minecraft:raw_copper":3,"minecraft:stone_shovel":1,"minecraft:raw_iron":2,"minecraft:iron_boots":1,"minecraft:stripped_oak_log":1,"minecraft:white_terracotta":1,"minecraft:shulker_box":2,"minecraft:blast_furnace":1,"minecraft:cobblestone_slab":1,"minecraft:shield":2,"minecraft:spruce_trapdoor":54,"minecraft:spruce_planks":9,"minecraft:diamond_pickaxe":1,"minecraft:iron_chestplate":1,"minecraft:mossy_stone_bricks":1,"minecraft:oak_sapling":14,"minecraft:stone_bricks":1,"minecraft:spider_eye":3,"minecraft:bow":5,"minecraft:stone_pickaxe":1},"minecraft:killed":{"minecraft:cave_spider":1,"minecraft:witch":4,"minecraft:spider":11,"minecraft:shulker":32,"minecraft:skeleton":37,"minecraft:silverfish":1,"minecraft:pig":16,"minecraft:zombie_villager":5,"minecraft:iron_golem":2,"minecraft:creeper":12,"minecraft:sheep":11,"minecraft:pillager":32,"minecraft:zombie":61,"minecraft:cow":1,"minecraft:evoker":3,"minecraft:vex":12,"minecraft:vindicator":9,"minecraft:slime":27,"minecraft:phantom":6,"minecraft:horse":1,"minecraft:drowned":4,"minecraft:wandering_trader":1,"minecraft:ravager":3,"minecraft:enderman":34},"minecraft:killed_by":{"minecraft:pillager":2,"minecraft:piglin":1,"minecraft:player":1,"minecraft:skeleton":1},"minecraft:mined":{"minecraft:dragon_wall_head":1,"minecraft:spruce_planks":139,"minecraft:white_bed":6,"minecraft:farmland":16,"minecraft:cobblestone_stairs":26,"minecraft:brewing_stand":1,"minecraft:obsidian":20,"minecraft:spruce_trapdoor":13,"minecraft:granite":12,"minecraft:grass_block":1347,"minecraft:soul_soil":13,"minecraft:hopper":1,"minecraft:oxeye_daisy":46,"minecraft:spawner":2,"minecraft:tall_seagrass":1,"minecraft:fire":4,"minecraft:iron_ore":130,"minecraft:barrel":1,"minecraft:fletching_table":10,"minecraft:anvil":1,"minecraft:azure_bluet":9,"minecraft:pointed_dripstone":9,"minecraft:dirt_path":223,"minecraft:oak_stairs":173,"minecraft:iron_bars":2,"minecraft:end_stone_bricks":9,"minecraft:spruce_slab":101,"minecraft:kelp_plant":47,"minecraft:crimson_nylium":1,"minecraft:purpur_stairs":2,"minecraft:torch":26,"minecraft:poppy":3,"minecraft:chest":4,"minecraft:white_stained_glass_pane":10,"minecraft:cobblestone":438,"minecraft:slime_block":1,"minecraft:sugar_cane":4,"minecraft:oak_planks":233,"minecraft:wall_torch":4,"minecraft:seagrass":1,"minecraft:white_terracotta":31,"minecraft:light_gray_stained_glass":34,"minecraft:birch_log":25,"minecraft:purpur_block":1,"minecraft:smooth_stone_slab":15,"minecraft:yellow_stained_glass_pane":10,"minecraft:oak_log":270,"minecraft:dirt":596,"minecraft:blue_shulker_box":1,"minecraft:dispenser":6,"minecraft:netherrack":1230,"minecraft:oak_leaves":33,"minecraft:deepslate":59,"minecraft:nether_gold_ore":1,"minecraft:tuff":1,"minecraft:light_gray_stained_glass_pane":2,"minecraft:mossy_cobblestone":46,"minecraft:deepslate_diamond_ore":53,"minecraft:oak_door":5,"minecraft:shulker_box":31,"minecraft:end_stone":63,"minecraft:dark_oak_fence":6,"minecraft:spruce_fence":1,"minecraft:crimson_roots":1,"minecraft:spruce_leaves":165,"minecraft:kelp":13,"minecraft:furnace":6,"minecraft:spruce_sapling":59,"minecraft:carrots":319,"minecraft:andesite":6,"minecraft:stripped_spruce_log":8,"minecraft:chiseled_deepslate":1,"minecraft:polished_deepslate":1,"minecraft:bookshelf":11,"minecraft:potatoes":4,"minecraft:cobblestone_slab":2,"minecraft:deepslate_iron_ore":80,"minecraft:rail":1,"minecraft:stripped_oak_log":17,"minecraft:stone":943,"minecraft:podzol":94,"minecraft:smithing_table":1,"minecraft:glass_pane":10,"minecraft:magenta_stained_glass":4,"minecraft:basalt":23,"minecraft:observer":6,"minecraft:oak_fence":7,"minecraft:crafting_table":15,"minecraft:cornflower":1,"minecraft:short_grass":133,"minecraft:lectern":706,"minecraft:purpur_pillar":6,"minecraft:tall_grass":7,"minecraft:copper_ore":1,"minecraft:lapis_ore":6,"minecraft:diorite":4,"minecraft:spruce_stairs":21,"minecraft:gray_wool":1,"minecraft:cobblestone_wall":3,"minecraft:redstone_torch":1,"minecraft:spruce_log":455,"minecraft:yellow_bed":7,"minecraft:coal_ore":26,"minecraft:gravel":288,"minecraft:cobweb":2,"minecraft:stone_bricks":1,"minecraft:mossy_stone_bricks":1},"minecraft:crafted":{"minecraft:oak_planks":1824,"minecraft:barrel":2,"minecraft:lever":1,"minecraft:diamond_shovel":4,"minecraft:bookshelf":24,"minecraft:shulker_box":7,"minecraft:spruce_pressure_plate":1,"minecraft:cooked_mutton":7,"minecraft:hopper":35,"minecraft:glass":644,"minecraft:repeater":25,"minecraft:diamond_leggings":1,"minecraft:diamond_helmet":1,"minecraft:bow":17,"minecraft:iron_boots":1,"minecraft:chest":48,"minecraft:dropper":4,"minecraft:arrow":64,"minecraft:emerald":2685,"minecraft:cauldron":4,"minecraft:cooked_porkchop":33,"minecraft:diamond_axe":3,"minecraft:crafting_table":5,"minecraft:spruce_planks":43248,"minecraft:wooden_pickaxe":1,"minecraft:iron_helmet":1,"minecraft:birch_planks":244,"minecraft:spruce_trapdoor":18,"minecraft:lectern":1,"minecraft:iron_chestplate":1,"minecraft:diamond_pickaxe":1,"minecraft:purple_dye":2,"minecraft:shield":4,"minecraft:stick":81619,"minecraft:iron_ingot":368,"minecraft:iron_pickaxe":1,"minecraft:iron_block":6,"minecraft:stone_sword":1,"minecraft:light_gray_dye":51,"minecraft:redstone_torch":58,"minecraft:spruce_fence_gate":8,"minecraft:light_gray_stained_glass_pane":16,"minecraft:golden_carrot":180,"minecraft:oak_door":3,"minecraft:redstone":128,"minecraft:stone_shovel":1,"minecraft:light_gray_stained_glass":408,"minecraft:experience_bottle":391,"minecraft:spruce_button":130,"minecraft:furnace":4,"minecraft:blue_shulker_box":1,"minecraft:bone_meal":594,"minecraft:flint_and_steel":2,"minecraft:lantern":6,"minecraft:spruce_stairs":136,"minecraft:ladder":36,"minecraft:spruce_slab":5346,"minecraft:stone_pickaxe":1,"minecraft:diamond_boots":1,"minecraft:minecart":9,"minecraft:red_dye":2,"minecraft:crossbow":7,"minecraft:diamond_sword":1,"minecraft:spruce_sign":21,"minecraft:enchanting_table":1,"minecraft:iron_sword":1,"minecraft:red_bed":1,"minecraft:bucket":1,"minecraft:stone_axe":15,"minecraft:enchanted_book":49,"minecraft:air":0,"minecraft:blue_dye":2,"minecraft:white_dye":15,"minecraft:oak_stairs":8,"minecraft:iron_shovel":1,"minecraft:iron_leggings":1,"minecraft:anvil":2,"minecraft:white_bed":2,"minecraft:torch":12,"minecraft:diamond_chestplate":1},"minecraft:custom":{"minecraft:interact_with_crafting_table":100,"minecraft:open_shulker_box":133,"minecraft:bell_ring":1,"minecraft:leave_game":32,"minecraft:time_since_death":733198,"minecraft:sprint_one_cm":3303725,"minecraft:damage_blocked_by_shield":5307,"minecraft:drop":404,"minecraft:talked_to_villager":1505,"minecraft:play_time":1271071,"minecraft:deaths":6,"minecraft:jump":20358,"minecraft:walk_on_water_one_cm":113018,"minecraft:enchant_item":5,"minecraft:interact_with_furnace":109,"minecraft:traded_with_villager":3487,"minecraft:interact_with_loom":2,"minecraft:sleep_in_bed":43,"minecraft:open_enderchest":7,"minecraft:damage_dealt":73133,"minecraft:player_kills":1,"minecraft:crouch_one_cm":317955,"minecraft:use_cauldron":7,"minecraft:inspect_dispenser":17,"minecraft:horse_one_cm":24191,"minecraft:interact_with_smithing_table":1,"minecraft:mob_kills":334,"minecraft:interact_with_anvil":42,"minecraft:climb_one_cm":7722,"minecraft:walk_one_cm":2297242,"minecraft:raid_win":1,"minecraft:sneak_time":87124,"minecraft:walk_under_water_one_cm":111065,"minecraft:boat_one_cm":4305,"minecraft:interact_with_blast_furnace":31,"minecraft:total_world_time":1271071,"minecraft:interact_with_grindstone":4,"minecraft:time_since_rest":147474,"minecraft:damage_taken":10257,"minecraft:swim_one_cm":120159,"minecraft:fly_one_cm":4465147,"minecraft:open_chest":678,"minecraft:aviate_one_cm":602385,"minecraft:fall_one_cm":457464},"minecraft:picked_up":{"minecraft:shulker_shell":14,"minecraft:chiseled_deepslate":1,"minecraft:iron_chestplate":2,"minecraft:chainmail_boots":2,"minecraft:anvil":1,"minecraft:smithing_table":1,"minecraft:diamond_sword":3,"minecraft:oak_stairs":74,"minecraft:brewing_stand":1,"minecraft:polished_deepslate":1,"minecraft:string":8,"minecraft:raw_copper":4,"minecraft:soul_soil":6,"minecraft:cooked_salmon":12,"minecraft:smooth_stone_slab":13,"minecraft:iron_leggings":1,"minecraft:diamond_leggings":3,"minecraft:gold_nugget":4,"minecraft:cobbled_deepslate":59,"minecraft:bucket":1,"minecraft:spruce_planks":867,"minecraft:cobblestone_slab":1,"minecraft:iron_pickaxe":2,"minecraft:iron_boots":2,"minecraft:furnace":6,"minecraft:tipped_arrow":1,"minecraft:stick":834,"minecraft:oak_fence":7,"minecraft:torch":600,"minecraft:purpur_pillar":4,"minecraft:spruce_stairs":21,"minecraft:porkchop":39,"minecraft:golden_axe":3,"minecraft:pointed_dripstone":17,"minecraft:diorite":4,"minecraft:stone_sword":2,"minecraft:rotten_flesh":59,"minecraft:white_terracotta":28,"minecraft:obsidian":59,"minecraft:iron_bars":2,"minecraft:cobblestone":679,"minecraft:birch_log":25,"minecraft:feather":1,"minecraft:water_bucket":3,"minecraft:andesite":6,"minecraft:potato":15,"minecraft:flint":26,"minecraft:tuff":1,"minecraft:lapis_lazuli":377,"minecraft:dirt":1899,"minecraft:bone":41,"minecraft:wheat_seeds":46,"minecraft:raw_gold":12,"minecraft:diamond_helmet":3,"minecraft:mossy_stone_bricks":1,"minecraft:fletching_table":10,"minecraft:powered_rail":576,"minecraft:stone_hoe":1,"minecraft:oak_planks":248,"minecraft:cooked_porkchop":17,"minecraft:oak_pressure_plate":1,"minecraft:stripped_spruce_log":8,"minecraft:shulker_box":38,"minecraft:mossy_cobblestone":46,"minecraft:dispenser":94,"minecraft:diamond":91,"minecraft:crossbow":3,"minecraft:granite":12,"minecraft:bone_meal":119,"minecraft:golden_apple":3,"minecraft:spruce_button":198,"minecraft:emerald":285,"minecraft:bread":11,"minecraft:oak_sapling":41,"minecraft:netherrack":2451,"minecraft:dark_oak_fence":4,"minecraft:diamond_pickaxe":4,"minecraft:end_stone_bricks":13,"minecraft:spruce_leaves":29,"minecraft:crafting_table":15,"minecraft:azure_bluet":19,"minecraft:ladder":7,"minecraft:wooden_pickaxe":2,"minecraft:dragon_head":1,"minecraft:shield":5,"minecraft:cornflower":1,"minecraft:elytra":1,"minecraft:iron_axe":1,"minecraft:flint_and_steel":3,"minecraft:iron_shovel":1,"minecraft:beef":1,"minecraft:blue_shulker_box":1,"minecraft:observer":53,"minecraft:poppy":15,"minecraft:minecart":14,"minecraft:spruce_slab":1703,"minecraft:lectern":706,"minecraft:sugar_cane":8,"minecraft:chest":2,"minecraft:birch_sapling":11,"minecraft:phantom_membrane":2,"minecraft:spruce_trapdoor":40,"minecraft:egg":1,"minecraft:raw_iron":428,"minecraft:end_stone":69,"minecraft:stone":75,"minecraft:oak_door":3,"minecraft:spruce_fence":28,"minecraft:redstone":3,"minecraft:carrot":2433,"minecraft:stone_shovel":2,"minecraft:arrow":59,"minecraft:diamond_chestplate":3,"minecraft:diamond_boots":3,"minecraft:saddle":1,"minecraft:totem_of_undying":1,"minecraft:mutton":19,"minecraft:bone_block":64,"minecraft:rail":10,"minecraft:white_wool":13,"minecraft:oxeye_daisy":55,"minecraft:stripped_oak_log":17,"minecraft:basalt":22,"minecraft:golden_carrot":108,"minecraft:salmon":6,"minecraft:leather":2,"minecraft:purpur_stairs":1,"minecraft:oak_log":328,"minecraft:chainmail_chestplate":1,"minecraft:cobblestone_wall":3,"minecraft:nether_wart_block":1,"minecraft:yellow_bed":10,"minecraft:gunpowder":13,"minecraft:cobblestone_stairs":22,"minecraft:white_banner":2,"minecraft:cooked_mutton":4,"minecraft:stone_bricks":1,"minecraft:apple":19,"minecraft:kelp":22,"minecraft:iron_ingot":145,"minecraft:stone_pickaxe":1,"minecraft:glass_bottle":3,"minecraft:iron_sword":2,"minecraft:book":83,"minecraft:light_gray_stained_glass":61,"minecraft:gravel":262,"minecraft:spruce_sapling":1364,"minecraft:blast_furnace":2,"minecraft:white_bed":7,"minecraft:spruce_log":10877,"minecraft:dragon_egg":1,"minecraft:spider_eye":3,"minecraft:diamond_shovel":3,"minecraft:slime_ball":20,"minecraft:stone_axe":6,"minecraft:chainmail_leggings":3,"minecraft:iron_helmet":2,"minecraft:diamond_axe":4,"minecraft:gray_wool":1,"minecraft:coal":69,"minecraft:hopper":1,"minecraft:ender_pearl":23},"minecraft:used":{"minecraft:light_gray_stained_glass_pane":16,"minecraft:iron_shovel":147,"minecraft:polished_deepslate":1,"minecraft:chiseled_deepslate":1,"minecraft:dispenser":30,"minecraft:spruce_slab":2929,"minecraft:ladder":18,"minecraft:diamond_hoe":325,"minecraft:chest":35,"minecraft:shield":101,"minecraft:iron_sword":33,"minecraft:iron_chestplate":1,"minecraft:mutton":6,"minecraft:carrot":421,"minecraft:tuff":1,"minecraft:stripped_spruce_log":4,"minecraft:obsidian":37,"minecraft:glass":5,"minecraft:lava_bucket":21,"minecraft:lantern":6,"minecraft:iron_helmet":1,"minecraft:bow":1,"minecraft:blue_shulker_box":1,"minecraft:furnace":6,"minecraft:oak_sapling":1,"minecraft:egg":1,"minecraft:diorite":1,"minecraft:end_stone_bricks":3,"minecraft:diamond_boots":1,"minecraft:stone_pickaxe":111,"minecraft:oak_planks":23,"minecraft:ender_pearl":20,"minecraft:wooden_pickaxe":25,"minecraft:sugar_cane":8,"minecraft:diamond_axe":2274,"minecraft:white_wool":2,"minecraft:purpur_stairs":1,"minecraft:crossbow":1,"minecraft:end_stone":21,"minecraft:bread":11,"minecraft:lectern":709,"minecraft:gravel":32,"minecraft:diamond_sword":731,"minecraft:andesite":6,"minecraft:bone_meal":698,"minecraft:experience_bottle":382,"minecraft:enchanting_table":1,"minecraft:stone_sword":122,"minecraft:flint_and_steel":6,"minecraft:stone_shovel":132,"minecraft:spruce_planks":1230,"minecraft:sculk":3,"minecraft:cooked_salmon":1,"minecraft:netherrack":459,"minecraft:oak_door":1,"minecraft:torch":227,"minecraft:dirt":1411,"minecraft:anvil":3,"minecraft:hopper":36,"minecraft:spruce_stairs":157,"minecraft:diamond_helmet":1,"minecraft:shulker_box":35,"minecraft:spruce_fence":19,"minecraft:granite":6,"minecraft:bookshelf":26,"minecraft:light_gray_stained_glass":330,"minecraft:oak_stairs":8,"minecraft:spruce_button":6,"minecraft:iron_boots":3,"minecraft:barrel":2,"minecraft:golden_carrot":126,"minecraft:cobbled_deepslate":39,"minecraft:observer":29,"minecraft:iron_leggings":2,"minecraft:pointed_dripstone":4,"minecraft:cooked_mutton":7,"minecraft:water_bucket":184,"minecraft:cobblestone_stairs":3,"minecraft:spruce_sign":16,"minecraft:cauldron":4,"minecraft:fletching_table":10,"minecraft:spruce_fence_gate":8,"minecraft:mossy_cobblestone":1,"minecraft:rail":9,"minecraft:crafting_table":17,"minecraft:red_bed":1,"minecraft:white_bed":7,"minecraft:spruce_log":163,"minecraft:oak_log":7,"minecraft:diamond_pickaxe":3109,"minecraft:apple":1,"minecraft:diamond_shovel":2291,"minecraft:iron_pickaxe":119,"minecraft:spruce_pressure_plate":1,"minecraft:spruce_trapdoor":35,"minecraft:spruce_sapling":1030,"minecraft:stone_axe":223,"minecraft:cobblestone":256,"minecraft:cooked_porkchop":33,"minecraft:bucket":205,"minecraft:yellow_bed":6,"minecraft:gray_wool":1,"minecraft:diamond_leggings":1}},"DataVersion":3839}