{"stats":{"minecraft:killed_by":{"minecraft:pillager":2,"minecraft:piglin":1,"minecraft:player":1,"minecraft:skeleton":1},"minecraft:picked_up":{"minecraft:shulker_shell":14,"minecraft:chiseled_deepslate":1,"minecraft:iron_chestplate":2,"minecraft:nether_brick_fence":2,"minecraft:chainmail_boots":2,"minecraft:anvil":1,"minecraft:smithing_table":1,"minecraft:diamond_sword":3,"minecraft:oak_stairs":74,"minecraft:brewing_stand":1,"minecraft:golden_sword":1,"minecraft:polished_deepslate":1,"minecraft:string":8,"minecraft:soul_soil":6,"minecraft:raw_copper":6,"minecraft:cooked_salmon":12,"minecraft:smooth_stone_slab":13,"minecraft:iron_leggings":1,"minecraft:diamond_leggings":3,"minecraft:gold_nugget":14,"minecraft:cobbled_deepslate":77,"minecraft:bucket":2,"minecraft:spruce_planks":953,"minecraft:cobblestone_slab":1,"minecraft:iron_pickaxe":2,"minecraft:iron_boots":2,"minecraft:furnace":6,"minecraft:tipped_arrow":1,"minecraft:stick":935,"minecraft:oak_fence":7,"minecraft:purpur_pillar":4,"minecraft:torch":601,"minecraft:spruce_stairs":21,"minecraft:porkchop":39,"minecraft:golden_axe":3,"minecraft:pointed_dripstone":17,"minecraft:diorite":22,"minecraft:stone_sword":5,"minecraft:rotten_flesh":73,"minecraft:white_terracotta":28,"minecraft:blaze_rod":15,"minecraft:obsidian":59,"minecraft:iron_bars":2,"minecraft:cobblestone":763,"minecraft:birch_log":25,"minecraft:feather":1,"minecraft:magma_cream":2,"minecraft:water_bucket":3,"minecraft:andesite":14,"minecraft:potato":15,"minecraft:flint":26,"minecraft:tuff":1,"minecraft:lapis_lazuli":377,"minecraft:dirt":1909,"minecraft:bone":74,"minecraft:wheat_seeds":47,"minecraft:raw_gold":12,"minecraft:glowstone_dust":8,"minecraft:diamond_helmet":3,"minecraft:fletching_table":10,"minecraft:mossy_stone_bricks":1,"minecraft:powered_rail":576,"minecraft:oak_planks":248,"minecraft:stone_hoe":1,"minecraft:cooked_porkchop":17,"minecraft:oak_pressure_plate":1,"minecraft:sand":3,"minecraft:stripped_spruce_log":8,"minecraft:shulker_box":56,"minecraft:mossy_cobblestone":46,"minecraft:dispenser":101,"minecraft:diamond":126,"minecraft:nether_star":1,"minecraft:crossbow":3,"minecraft:granite":13,"minecraft:bone_meal":119,"minecraft:golden_apple":5,"minecraft:spruce_button":198,"minecraft:bread":11,"minecraft:emerald":294,"minecraft:oak_sapling":41,"minecraft:netherrack":3031,"minecraft:dark_oak_fence":4,"minecraft:end_stone_bricks":13,"minecraft:diamond_pickaxe":4,"minecraft:spruce_leaves":63,"minecraft:crafting_table":16,"minecraft:azure_bluet":19,"minecraft:ladder":7,"minecraft:wooden_pickaxe":2,"minecraft:dragon_head":1,"minecraft:shield":5,"minecraft:cornflower":1,"minecraft:elytra":1,"minecraft:iron_axe":1,"minecraft:flint_and_steel":3,"minecraft:iron_shovel":1,"minecraft:beef":1,"minecraft:observer":59,"minecraft:lectern":706,"minecraft:poppy":15,"minecraft:spruce_slab":1868,"minecraft:minecart":14,"minecraft:sugar_cane":22,"minecraft:blue_shulker_box":11,"minecraft:chest":2,"minecraft:birch_sapling":11,"minecraft:spruce_trapdoor":40,"minecraft:phantom_membrane":11,"minecraft:egg":1,"minecraft:raw_iron":737,"minecraft:end_stone":149,"minecraft:stone":75,"minecraft:oak_door":3,"minecraft:copper_ingot":1,"minecraft:spruce_fence":28,"minecraft:carrot":2433,"minecraft:redstone":3,"minecraft:diamond_chestplate":3,"minecraft:arrow":59,"minecraft:stone_shovel":2,"minecraft:nether_bricks":61,"minecraft:diamond_boots":3,"minecraft:gold_ingot":1,"minecraft:saddle":1,"minecraft:totem_of_undying":1,"minecraft:mutton":19,"minecraft:rail":10,"minecraft:white_wool":13,"minecraft:bone_block":64,"minecraft:oxeye_daisy":55,"minecraft:stripped_oak_log":17,"minecraft:basalt":24,"minecraft:golden_carrot":108,"minecraft:salmon":6,"minecraft:leather":2,"minecraft:purpur_stairs":1,"minecraft:oak_log":328,"minecraft:chainmail_chestplate":1,"minecraft:gunpowder":15,"minecraft:nether_wart_block":1,"minecraft:yellow_bed":10,"minecraft:cobblestone_wall":3,"minecraft:cobblestone_stairs":22,"minecraft:white_banner":2,"minecraft:cooked_mutton":4,"minecraft:apple":51,"minecraft:stone_bricks":1,"minecraft:kelp":22,"minecraft:iron_ingot":145,"minecraft:stone_pickaxe":1,"minecraft:glass_bottle":3,"minecraft:iron_sword":2,"minecraft:book":83,"minecraft:emerald_block":21,"minecraft:light_gray_stained_glass":61,"minecraft:quartz":8,"minecraft:gravel":263,"minecraft:spruce_sapling":1724,"minecraft:blast_furnace":2,"minecraft:white_bed":7,"minecraft:spruce_log":12602,"minecraft:dragon_egg":1,"minecraft:spider_eye":4,"minecraft:diamond_shovel":3,"minecraft:slime_ball":20,"minecraft:stone_axe":6,"minecraft:chainmail_leggings":3,"minecraft:iron_helmet":2,"minecraft:diamond_axe":5,"minecraft:gray_wool":1,"minecraft:coal":97,"minecraft:hopper":1,"minecraft:ender_pearl":23},"minecraft:broken":{"minecraft:stone_axe":1,"minecraft:stone_shovel":1,"minecraft:diamond_axe":2},"minecraft:crafted":{"minecraft:oak_planks":1824,"minecraft:barrel":2,"minecraft:lever":1,"minecraft:diamond_shovel":4,"minecraft:bookshelf":24,"minecraft:shulker_box":7,"minecraft:spruce_pressure_plate":1,"minecraft:cooked_mutton":7,"minecraft:glass":652,"minecraft:hopper":35,"minecraft:diamond_leggings":1,"minecraft:repeater":25,"minecraft:diamond_helmet":1,"minecraft:bow":17,"minecraft:iron_boots":1,"minecraft:beacon":1,"minecraft:chest":48,"minecraft:dropper":4,"minecraft:arrow":64,"minecraft:emerald":3144,"minecraft:cauldron":4,"minecraft:cooked_porkchop":33,"minecraft:diamond_axe":3,"minecraft:crafting_table":7,"minecraft:spruce_planks":50184,"minecraft:wooden_pickaxe":1,"minecraft:iron_helmet":1,"minecraft:spruce_door":3,"minecraft:birch_planks":244,"minecraft:spruce_trapdoor":18,"minecraft:lectern":1,"minecraft:iron_chestplate":1,"minecraft:emerald_block":51,"minecraft:purple_dye":2,"minecraft:diamond_pickaxe":1,"minecraft:shield":4,"minecraft:stick":95663,"minecraft:iron_ingot":587,"minecraft:iron_pickaxe":1,"minecraft:iron_block":6,"minecraft:stone_sword":1,"minecraft:light_gray_dye":51,"minecraft:redstone_torch":58,"minecraft:spruce_fence_gate":8,"minecraft:light_gray_stained_glass_pane":16,"minecraft:golden_carrot":180,"minecraft:oak_door":3,"minecraft:redstone":128,"minecraft:stone_shovel":1,"minecraft:light_gray_stained_glass":408,"minecraft:experience_bottle":391,"minecraft:spruce_button":130,"minecraft:furnace":9,"minecraft:blue_shulker_box":1,"minecraft:bone_meal":594,"minecraft:flint_and_steel":2,"minecraft:lantern":6,"minecraft:spruce_stairs":136,"minecraft:ladder":36,"minecraft:spruce_slab":5346,"minecraft:stone_pickaxe":1,"minecraft:diamond_boots":1,"minecraft:minecart":9,"minecraft:red_dye":2,"minecraft:crossbow":7,"minecraft:diamond_sword":1,"minecraft:spruce_sign":21,"minecraft:enchanting_table":1,"minecraft:iron_sword":1,"minecraft:red_bed":1,"minecraft:bucket":83,"minecraft:stone_axe":15,"minecraft:enchanted_book":49,"minecraft:air":0,"minecraft:blue_dye":2,"minecraft:white_dye":15,"minecraft:oak_stairs":8,"minecraft:iron_shovel":1,"minecraft:iron_leggings":1,"minecraft:anvil":2,"minecraft:white_bed":2,"minecraft:torch":12,"minecraft:diamond_chestplate":1},"minecraft:used":{"minecraft:nether_brick_fence":2,"minecraft:light_gray_stained_glass_pane":16,"minecraft:iron_shovel":147,"minecraft:polished_deepslate":1,"minecraft:chiseled_deepslate":1,"minecraft:dispenser":56,"minecraft:spruce_slab":6639,"minecraft:ladder":18,"minecraft:diamond_hoe":325,"minecraft:chest":35,"minecraft:shield":101,"minecraft:iron_sword":33,"minecraft:iron_chestplate":1,"minecraft:mutton":6,"minecraft:nether_bricks":17,"minecraft:carrot":421,"minecraft:tuff":1,"minecraft:stripped_spruce_log":4,"minecraft:obsidian":37,"minecraft:glass":22,"minecraft:lava_bucket":21,"minecraft:lantern":6,"minecraft:iron_helmet":1,"minecraft:bow":10,"minecraft:furnace":10,"minecraft:blue_shulker_box":11,"minecraft:oak_sapling":1,"minecraft:egg":1,"minecraft:diorite":10,"minecraft:diamond_boots":1,"minecraft:end_stone_bricks":3,"minecraft:spruce_door":1,"minecraft:stone_pickaxe":111,"minecraft:oak_planks":23,"minecraft:ender_pearl":20,"minecraft:wooden_pickaxe":25,"minecraft:diamond_axe":2539,"minecraft:sugar_cane":26,"minecraft:white_wool":2,"minecraft:purpur_stairs":1,"minecraft:crossbow":1,"minecraft:end_stone":27,"minecraft:bread":11,"minecraft:lectern":709,"minecraft:gravel":33,"minecraft:diamond_sword":800,"minecraft:andesite":11,"minecraft:bone_meal":698,"minecraft:experience_bottle":382,"minecraft:enchanting_table":1,"minecraft:stone_sword":122,"minecraft:flint_and_steel":6,"minecraft:stone_shovel":132,"minecraft:spruce_planks":1350,"minecraft:sculk":3,"minecraft:cooked_salmon":1,"minecraft:netherrack":601,"minecraft:oak_door":1,"minecraft:torch":370,"minecraft:dirt":1436,"minecraft:anvil":3,"minecraft:hopper":36,"minecraft:spruce_stairs":157,"minecraft:diamond_helmet":1,"minecraft:shulker_box":52,"minecraft:granite":6,"minecraft:spruce_fence":19,"minecraft:bookshelf":26,"minecraft:light_gray_stained_glass":330,"minecraft:oak_stairs":8,"minecraft:spruce_button":6,"minecraft:iron_boots":3,"minecraft:barrel":2,"minecraft:golden_carrot":151,"minecraft:cobbled_deepslate":39,"minecraft:observer":57,"minecraft:iron_leggings":2,"minecraft:pointed_dripstone":4,"minecraft:cooked_mutton":7,"minecraft:water_bucket":190,"minecraft:cobblestone_stairs":3,"minecraft:spruce_sign":16,"minecraft:cauldron":4,"minecraft:fletching_table":10,"minecraft:spruce_fence_gate":8,"minecraft:mossy_cobblestone":1,"minecraft:rail":9,"minecraft:crafting_table":19,"minecraft:red_bed":1,"minecraft:white_bed":7,"minecraft:spruce_log":164,"minecraft:oak_log":7,"minecraft:diamond_pickaxe":4338,"minecraft:apple":1,"minecraft:diamond_shovel":2306,"minecraft:iron_pickaxe":119,"minecraft:spruce_pressure_plate":1,"minecraft:spruce_trapdoor":35,"minecraft:spruce_sapling":1034,"minecraft:stone_axe":223,"minecraft:cobblestone":270,"minecraft:cooked_porkchop":33,"minecraft:bucket":282,"minecraft:yellow_bed":6,"minecraft:gray_wool":1,"minecraft:diamond_leggings":1},"minecraft:mined":{"minecraft:dragon_wall_head":1,"minecraft:spruce_planks":226,"minecraft:white_bed":6,"minecraft:farmland":16,"minecraft:cobblestone_stairs":26,"minecraft:brewing_stand":1,"minecraft:obsidian":20,"minecraft:spruce_trapdoor":13,"minecraft:granite":13,"minecraft:grass_block":1355,"minecraft:soul_soil":13,"minecraft:hopper":1,"minecraft:oxeye_daisy":46,"minecraft:spawner":2,"minecraft:tall_seagrass":1,"minecraft:glowstone":2,"minecraft:barrel":1,"minecraft:iron_ore":233,"minecraft:fire":4,"minecraft:anvil":1,"minecraft:fletching_table":10,"minecraft:azure_bluet":9,"minecraft:pointed_dripstone":9,"minecraft:dirt_path":223,"minecraft:oak_stairs":173,"minecraft:iron_bars":2,"minecraft:end_stone_bricks":9,"minecraft:spruce_slab":229,"minecraft:kelp_plant":47,"minecraft:crimson_nylium":1,"minecraft:purpur_stairs":2,"minecraft:torch":27,"minecraft:poppy":3,"minecraft:chest":4,"minecraft:white_stained_glass_pane":10,"minecraft:nether_quartz_ore":5,"minecraft:cobblestone":438,"minecraft:slime_block":1,"minecraft:oak_planks":233,"minecraft:sugar_cane":16,"minecraft:wall_torch":4,"minecraft:seagrass":1,"minecraft:white_terracotta":31,"minecraft:light_gray_stained_glass":34,"minecraft:birch_log":25,"minecraft:purpur_block":1,"minecraft:smooth_stone_slab":15,"minecraft:yellow_stained_glass_pane":10,"minecraft:oak_log":270,"minecraft:sand":3,"minecraft:dirt":598,"minecraft:blue_shulker_box":11,"minecraft:dispenser":10,"minecraft:netherrack":1958,"minecraft:oak_leaves":33,"minecraft:deepslate":78,"minecraft:nether_gold_ore":1,"minecraft:diamond_ore":10,"minecraft:tuff":1,"minecraft:light_gray_stained_glass_pane":2,"minecraft:mossy_cobblestone":46,"minecraft:deepslate_diamond_ore":57,"minecraft:oak_door":5,"minecraft:end_stone":153,"minecraft:shulker_box":49,"minecraft:nether_bricks":62,"minecraft:dark_oak_fence":6,"minecraft:spruce_fence":1,"minecraft:crimson_roots":1,"minecraft:spruce_leaves":192,"minecraft:kelp":13,"minecraft:spruce_sapling":59,"minecraft:furnace":6,"minecraft:carrots":319,"minecraft:andesite":14,"minecraft:stripped_spruce_log":8,"minecraft:chiseled_deepslate":1,"minecraft:nether_brick_fence":2,"minecraft:polished_deepslate":1,"minecraft:bookshelf":11,"minecraft:potatoes":4,"minecraft:deepslate_iron_ore":118,"minecraft:cobblestone_slab":2,"minecraft:rail":1,"minecraft:stripped_oak_log":17,"minecraft:stone":1035,"minecraft:smithing_table":1,"minecraft:podzol":94,"minecraft:glass_pane":10,"minecraft:magenta_stained_glass":4,"minecraft:basalt":25,"minecraft:observer":12,"minecraft:oak_fence":7,"minecraft:crafting_table":16,"minecraft:cornflower":1,"minecraft:short_grass":133,"minecraft:emerald_ore":1,"minecraft:lectern":706,"minecraft:tall_grass":7,"minecraft:purpur_pillar":6,"minecraft:copper_ore":1,"minecraft:lapis_ore":6,"minecraft:diorite":28,"minecraft:spruce_stairs":21,"minecraft:gray_wool":1,"minecraft:cobblestone_wall":3,"minecraft:redstone_torch":1,"minecraft:spruce_log":457,"minecraft:yellow_bed":7,"minecraft:coal_ore":26,"minecraft:gravel":289,"minecraft:cobweb":2,"minecraft:stone_bricks":1,"minecraft:mossy_stone_bricks":1},"minecraft:dropped":{"minecraft:iron_sword":1,"minecraft:porkchop":6,"minecraft:diamond_axe":2,"minecraft:lapis_lazuli":10,"minecraft:oak_log":9,"minecraft:glass_bottle":3,"minecraft:crossbow":2,"minecraft:leather":1,"minecraft:saddle":1,"minecraft:rail":1,"minecraft:emerald":58,"minecraft:flint":3,"minecraft:cobblestone_stairs":19,"minecraft:spruce_leaves":39,"minecraft:dirt":26,"minecraft:dispenser":45,"minecraft:gold_nugget":4,"minecraft:phantom_membrane":2,"minecraft:sand":3,"minecraft:iron_pickaxe":1,"minecraft:gold_ingot":4,"minecraft:bone":24,"minecraft:oak_door":3,"minecraft:gravel":8,"minecraft:stone_axe":3,"minecraft:cobbled_deepslate":18,"minecraft:birch_sapling":6,"minecraft:obsidian":3,"minecraft:pointed_dripstone":10,"minecraft:rotten_flesh":60,"minecraft:enchanted_golden_apple":1,"minecraft:end_stone":7,"minecraft:azure_bluet":11,"minecraft:salmon":4,"minecraft:carrot":2012,"minecraft:poppy":4,"minecraft:gunpowder":7,"minecraft:chainmail_boots":2,"minecraft:white_dye":15,"minecraft:arrow":23,"minecraft:basalt":22,"minecraft:iron_bars":2,"minecraft:end_stone_bricks":4,"minecraft:glass":212,"minecraft:netherrack":991,"minecraft:lectern":2,"minecraft:enchanted_book":2,"minecraft:stone_hoe":1,"minecraft:iron_ingot":41,"minecraft:bread":11,"minecraft:wheat_seeds":18,"minecraft:mossy_cobblestone":32,"minecraft:oak_fence":7,"minecraft:golden_axe":3,"minecraft:iron_helmet":1,"minecraft:cobblestone":292,"minecraft:observer":2,"minecraft:apple":15,"minecraft:granite":7,"minecraft:spruce_button":258,"minecraft:copper_ingot":1,"minecraft:golden_apple":1,"minecraft:purple_dye":2,"minecraft:stick":118,"minecraft:oxeye_daisy":12,"minecraft:diorite":11,"minecraft:golden_carrot":31,"minecraft:light_gray_stained_glass":133,"minecraft:oak_stairs":2,"minecraft:iron_axe":1,"minecraft:chainmail_leggings":3,"minecraft:string":8,"minecraft:bucket":2,"minecraft:spruce_sapling":310,"minecraft:redstone":4,"minecraft:soul_soil":1,"minecraft:stone_sword":2,"minecraft:cobblestone_wall":3,"minecraft:raw_copper":3,"minecraft:stone_shovel":1,"minecraft:raw_iron":2,"minecraft:iron_boots":1,"minecraft:stripped_oak_log":1,"minecraft:white_terracotta":1,"minecraft:nether_bricks":44,"minecraft:shulker_box":2,"minecraft:blast_furnace":1,"minecraft:filled_map":1,"minecraft:cobblestone_slab":1,"minecraft:shield":2,"minecraft:spruce_trapdoor":54,"minecraft:spruce_planks":9,"minecraft:diamond_pickaxe":1,"minecraft:iron_chestplate":1,"minecraft:andesite":3,"minecraft:mossy_stone_bricks":1,"minecraft:oak_sapling":14,"minecraft:stone_bricks":1,"minecraft:spider_eye":4,"minecraft:spruce_log":128,"minecraft:bow":5,"minecraft:stone_pickaxe":1},"minecraft:killed":{"minecraft:cave_spider":1,"minecraft:zombified_piglin":8,"minecraft:witch":4,"minecraft:spider":11,"minecraft:wither":1,"minecraft:shulker":32,"minecraft:skeleton":37,"minecraft:silverfish":1,"minecraft:magma_cube":4,"minecraft:piglin":1,"minecraft:pig":16,"minecraft:zombie_villager":5,"minecraft:iron_golem":2,"minecraft:creeper":14,"minecraft:sheep":11,"minecraft:pillager":32,"minecraft:zombie":63,"minecraft:blaze":5,"minecraft:cow":1,"minecraft:vex":12,"minecraft:evoker":3,"minecraft:vindicator":9,"minecraft:slime":27,"minecraft:phantom":13,"minecraft:horse":1,"minecraft:drowned":10,"minecraft:wandering_trader":1,"minecraft:ravager":3,"minecraft:wither_skeleton":14,"minecraft:enderman":34},"minecraft:custom":{"minecraft:interact_with_crafting_table":127,"minecraft:open_shulker_box":240,"minecraft:bell_ring":1,"minecraft:leave_game":38,"minecraft:time_since_death":976485,"minecraft:sprint_one_cm":3715609,"minecraft:damage_blocked_by_shield":5307,"minecraft:drop":436,"minecraft:talked_to_villager":1529,"minecraft:play_time":1514361,"minecraft:deaths":6,"minecraft:jump":22558,"minecraft:walk_on_water_one_cm":142699,"minecraft:enchant_item":5,"minecraft:interact_with_furnace":151,"minecraft:traded_with_villager":3948,"minecraft:interact_with_loom":3,"minecraft:sleep_in_bed":44,"minecraft:open_enderchest":51,"minecraft:damage_dealt":83136,"minecraft:player_kills":1,"minecraft:crouch_one_cm":356587,"minecraft:use_cauldron":7,"minecraft:inspect_dispenser":114,"minecraft:horse_one_cm":24191,"minecraft:interact_with_smithing_table":1,"minecraft:mob_kills":387,"minecraft:interact_with_anvil":42,"minecraft:climb_one_cm":7722,"minecraft:walk_one_cm":2785909,"minecraft:raid_win":1,"minecraft:sneak_time":100213,"minecraft:walk_under_water_one_cm":193300,"minecraft:boat_one_cm":4305,"minecraft:interact_with_blast_furnace":31,"minecraft:total_world_time":1514361,"minecraft:interact_with_grindstone":4,"minecraft:time_since_rest":17143,"minecraft:damage_taken":11390,"minecraft:swim_one_cm":458432,"minecraft:fly_one_cm":5143498,"minecraft:open_chest":807,"minecraft:aviate_one_cm":1118858,"minecraft:fall_one_cm":521314}},"DataVersion":3839}