{"stats":{"minecraft:broken":{"minecraft:stone_axe":1,"minecraft:stone_shovel":1,"minecraft:diamond_axe":2},"minecraft:killed_by":{"minecraft:pillager":2,"minecraft:piglin":1,"minecraft:player":1,"minecraft:skeleton":1},"minecraft:custom":{"minecraft:interact_with_crafting_table":57,"minecraft:bell_ring":1,"minecraft:leave_game":29,"minecraft:time_since_death":362154,"minecraft:sprint_one_cm":2432078,"minecraft:damage_blocked_by_shield":5307,"minecraft:drop":260,"minecraft:talked_to_villager":1439,"minecraft:play_time":899837,"minecraft:deaths":6,"minecraft:jump":15065,"minecraft:walk_on_water_one_cm":62984,"minecraft:enchant_item":5,"minecraft:interact_with_furnace":88,"minecraft:traded_with_villager":3142,"minecraft:sleep_in_bed":39,"minecraft:damage_dealt":40198,"minecraft:player_kills":1,"minecraft:crouch_one_cm":90098,"minecraft:use_cauldron":6,"minecraft:inspect_dispenser":5,"minecraft:horse_one_cm":24191,"minecraft:interact_with_smithing_table":1,"minecraft:mob_kills":218,"minecraft:interact_with_anvil":35,"minecraft:climb_one_cm":2416,"minecraft:walk_one_cm":1653523,"minecraft:raid_win":1,"minecraft:sneak_time":29618,"minecraft:walk_under_water_one_cm":65208,"minecraft:boat_one_cm":4305,"minecraft:interact_with_blast_furnace":5,"minecraft:total_world_time":899837,"minecraft:interact_with_grindstone":3,"minecraft:time_since_rest":85186,"minecraft:damage_taken":7511,"minecraft:swim_one_cm":63601,"minecraft:fly_one_cm":3284731,"minecraft:open_chest":496,"minecraft:fall_one_cm":335731},"minecraft:crafted":{"minecraft:oak_planks":1608,"minecraft:barrel":2,"minecraft:diamond_shovel":4,"minecraft:bookshelf":24,"minecraft:spruce_pressure_plate":1,"minecraft:cooked_mutton":7,"minecraft:glass":620,"minecraft:diamond_leggings":1,"minecraft:diamond_helmet":1,"minecraft:bow":12,"minecraft:iron_boots":1,"minecraft:chest":2,"minecraft:arrow":64,"minecraft:emerald":2431,"minecraft:cauldron":4,"minecraft:cooked_porkchop":33,"minecraft:diamond_axe":3,"minecraft:crafting_table":2,"minecraft:spruce_planks":35772,"minecraft:wooden_pickaxe":1,"minecraft:iron_helmet":1,"minecraft:birch_planks":244,"minecraft:spruce_trapdoor":18,"minecraft:lectern":1,"minecraft:iron_chestplate":1,"minecraft:diamond_pickaxe":1,"minecraft:shield":4,"minecraft:stick":73512,"minecraft:iron_ingot":193,"minecraft:iron_pickaxe":1,"minecraft:iron_block":6,"minecraft:stone_sword":1,"minecraft:light_gray_dye":51,"minecraft:light_gray_stained_glass_pane":16,"minecraft:golden_carrot":180,"minecraft:oak_door":3,"minecraft:stone_shovel":1,"minecraft:light_gray_stained_glass":408,"minecraft:experience_bottle":382,"minecraft:spruce_button":130,"minecraft:furnace":4,"minecraft:bone_meal":579,"minecraft:flint_and_steel":1,"minecraft:lantern":6,"minecraft:spruce_stairs":92,"minecraft:spruce_slab":102,"minecraft:stone_pickaxe":1,"minecraft:diamond_boots":1,"minecraft:minecart":9,"minecraft:red_dye":1,"minecraft:crossbow":7,"minecraft:diamond_sword":1,"minecraft:enchanting_table":1,"minecraft:iron_sword":1,"minecraft:red_bed":1,"minecraft:bucket":1,"minecraft:stone_axe":15,"minecraft:enchanted_book":42,"minecraft:air":0,"minecraft:oak_stairs":8,"minecraft:iron_shovel":1,"minecraft:iron_leggings":1,"minecraft:anvil":2,"minecraft:white_bed":2,"minecraft:torch":12,"minecraft:diamond_chestplate":1},"minecraft:mined":{"minecraft:spruce_planks":41,"minecraft:white_bed":6,"minecraft:farmland":16,"minecraft:cobblestone_stairs":5,"minecraft:brewing_stand":1,"minecraft:obsidian":6,"minecraft:spruce_trapdoor":13,"minecraft:granite":6,"minecraft:grass_block":616,"minecraft:oxeye_daisy":46,"minecraft:spawner":2,"minecraft:iron_ore":79,"minecraft:barrel":1,"minecraft:anvil":1,"minecraft:fletching_table":10,"minecraft:azure_bluet":9,"minecraft:pointed_dripstone":9,"minecraft:dirt_path":138,"minecraft:oak_stairs":106,"minecraft:spruce_slab":10,"minecraft:crimson_nylium":1,"minecraft:torch":25,"minecraft:poppy":1,"minecraft:cobblestone":93,"minecraft:slime_block":1,"minecraft:oak_planks":107,"minecraft:wall_torch":3,"minecraft:seagrass":1,"minecraft:birch_log":25,"minecraft:light_gray_stained_glass":34,"minecraft:oak_log":232,"minecraft:dirt":321,"minecraft:netherrack":41,"minecraft:oak_leaves":33,"minecraft:deepslate":38,"minecraft:tuff":1,"minecraft:light_gray_stained_glass_pane":2,"minecraft:mossy_cobblestone":7,"minecraft:deepslate_diamond_ore":34,"minecraft:oak_door":2,"minecraft:dark_oak_fence":6,"minecraft:spruce_fence":1,"minecraft:crimson_roots":1,"minecraft:spruce_leaves":137,"minecraft:furnace":4,"minecraft:spruce_sapling":58,"minecraft:carrots":319,"minecraft:andesite":6,"minecraft:chiseled_deepslate":1,"minecraft:stripped_spruce_log":8,"minecraft:polished_deepslate":1,"minecraft:bookshelf":11,"minecraft:potatoes":4,"minecraft:deepslate_iron_ore":28,"minecraft:rail":1,"minecraft:stripped_oak_log":1,"minecraft:stone":130,"minecraft:podzol":55,"minecraft:smithing_table":1,"minecraft:glass_pane":4,"minecraft:crafting_table":12,"minecraft:short_grass":74,"minecraft:lectern":706,"minecraft:tall_grass":2,"minecraft:copper_ore":1,"minecraft:lapis_ore":6,"minecraft:diorite":2,"minecraft:spruce_stairs":19,"minecraft:gray_wool":1,"minecraft:redstone_torch":1,"minecraft:spruce_log":448,"minecraft:yellow_bed":7,"minecraft:coal_ore":25,"minecraft:gravel":278,"minecraft:cobweb":2},"minecraft:dropped":{"minecraft:lapis_lazuli":2,"minecraft:iron_sword":1,"minecraft:porkchop":6,"minecraft:diamond_axe":1,"minecraft:oak_log":9,"minecraft:glass_bottle":3,"minecraft:crossbow":2,"minecraft:leather":1,"minecraft:saddle":1,"minecraft:rail":1,"minecraft:flint":3,"minecraft:cobblestone_stairs":1,"minecraft:dirt":4,"minecraft:iron_pickaxe":1,"minecraft:bone":14,"minecraft:gravel":6,"minecraft:stone_axe":3,"minecraft:birch_sapling":6,"minecraft:obsidian":3,"minecraft:pointed_dripstone":10,"minecraft:rotten_flesh":31,"minecraft:azure_bluet":11,"minecraft:carrot":2012,"minecraft:poppy":4,"minecraft:gunpowder":4,"minecraft:chainmail_boots":2,"minecraft:arrow":19,"minecraft:glass":212,"minecraft:lectern":2,"minecraft:stone_hoe":1,"minecraft:iron_ingot":41,"minecraft:bread":11,"minecraft:wheat_seeds":18,"minecraft:mossy_cobblestone":6,"minecraft:golden_axe":3,"minecraft:iron_helmet":1,"minecraft:cobblestone":4,"minecraft:apple":1,"minecraft:spruce_button":258,"minecraft:stick":32,"minecraft:oxeye_daisy":12,"minecraft:light_gray_stained_glass":133,"minecraft:oak_stairs":2,"minecraft:iron_axe":1,"minecraft:chainmail_leggings":3,"minecraft:string":5,"minecraft:bucket":1,"minecraft:spruce_sapling":57,"minecraft:redstone":3,"minecraft:raw_copper":3,"minecraft:raw_iron":2,"minecraft:stone_shovel":1,"minecraft:iron_boots":1,"minecraft:stripped_oak_log":1,"minecraft:blast_furnace":1,"minecraft:shield":2,"minecraft:spruce_trapdoor":54,"minecraft:spruce_planks":6,"minecraft:iron_chestplate":1,"minecraft:oak_sapling":14,"minecraft:spider_eye":1,"minecraft:stone_pickaxe":1},"minecraft:killed":{"minecraft:cave_spider":1,"minecraft:witch":3,"minecraft:spider":6,"minecraft:skeleton":29,"minecraft:pig":16,"minecraft:zombie_villager":4,"minecraft:iron_golem":2,"minecraft:creeper":8,"minecraft:sheep":11,"minecraft:pillager":32,"minecraft:zombie":45,"minecraft:cow":1,"minecraft:evoker":3,"minecraft:vex":12,"minecraft:vindicator":9,"minecraft:slime":27,"minecraft:horse":1,"minecraft:wandering_trader":1,"minecraft:ravager":3},"minecraft:used":{"minecraft:iron_shovel":147,"minecraft:polished_deepslate":1,"minecraft:chiseled_deepslate":1,"minecraft:light_gray_stained_glass_pane":16,"minecraft:spruce_slab":88,"minecraft:diamond_hoe":325,"minecraft:chest":2,"minecraft:shield":101,"minecraft:iron_sword":33,"minecraft:iron_chestplate":1,"minecraft:mutton":6,"minecraft:carrot":421,"minecraft:tuff":1,"minecraft:stripped_spruce_log":4,"minecraft:obsidian":11,"minecraft:lava_bucket":10,"minecraft:lantern":6,"minecraft:iron_helmet":1,"minecraft:bow":1,"minecraft:furnace":6,"minecraft:oak_sapling":1,"minecraft:egg":1,"minecraft:diorite":1,"minecraft:diamond_boots":1,"minecraft:stone_pickaxe":111,"minecraft:oak_planks":23,"minecraft:wooden_pickaxe":25,"minecraft:diamond_axe":1580,"minecraft:white_wool":2,"minecraft:crossbow":1,"minecraft:bread":11,"minecraft:lectern":709,"minecraft:gravel":26,"minecraft:diamond_sword":445,"minecraft:andesite":6,"minecraft:bone_meal":698,"minecraft:experience_bottle":372,"minecraft:enchanting_table":1,"minecraft:stone_sword":122,"minecraft:flint_and_steel":1,"minecraft:stone_shovel":132,"minecraft:spruce_planks":195,"minecraft:sculk":3,"minecraft:netherrack":56,"minecraft:oak_door":1,"minecraft:torch":106,"minecraft:dirt":580,"minecraft:anvil":3,"minecraft:spruce_stairs":111,"minecraft:diamond_helmet":1,"minecraft:granite":6,"minecraft:spruce_fence":19,"minecraft:light_gray_stained_glass":330,"minecraft:bookshelf":26,"minecraft:oak_stairs":8,"minecraft:spruce_button":6,"minecraft:iron_boots":3,"minecraft:barrel":2,"minecraft:golden_carrot":72,"minecraft:cobbled_deepslate":39,"minecraft:iron_leggings":2,"minecraft:pointed_dripstone":4,"minecraft:cooked_mutton":7,"minecraft:water_bucket":100,"minecraft:cobblestone_stairs":3,"minecraft:cauldron":4,"minecraft:fletching_table":10,"minecraft:mossy_cobblestone":1,"minecraft:rail":9,"minecraft:crafting_table":13,"minecraft:red_bed":1,"minecraft:white_bed":7,"minecraft:spruce_log":163,"minecraft:oak_log":7,"minecraft:diamond_pickaxe":298,"minecraft:apple":1,"minecraft:diamond_shovel":1143,"minecraft:iron_pickaxe":119,"minecraft:spruce_pressure_plate":1,"minecraft:spruce_trapdoor":35,"minecraft:spruce_sapling":984,"minecraft:stone_axe":223,"minecraft:cobblestone":197,"minecraft:cooked_porkchop":33,"minecraft:bucket":111,"minecraft:yellow_bed":6,"minecraft:gray_wool":1},"minecraft:picked_up":{"minecraft:chiseled_deepslate":1,"minecraft:iron_chestplate":2,"minecraft:chainmail_boots":2,"minecraft:anvil":1,"minecraft:smithing_table":1,"minecraft:diamond_sword":3,"minecraft:oak_stairs":10,"minecraft:brewing_stand":1,"minecraft:polished_deepslate":1,"minecraft:string":5,"minecraft:raw_copper":4,"minecraft:iron_leggings":1,"minecraft:diamond_leggings":3,"minecraft:cobbled_deepslate":39,"minecraft:bucket":1,"minecraft:spruce_planks":220,"minecraft:iron_pickaxe":2,"minecraft:iron_boots":2,"minecraft:furnace":4,"minecraft:tipped_arrow":1,"minecraft:stick":743,"minecraft:torch":213,"minecraft:spruce_stairs":19,"minecraft:porkchop":39,"minecraft:golden_axe":3,"minecraft:pointed_dripstone":17,"minecraft:diorite":2,"minecraft:stone_sword":2,"minecraft:rotten_flesh":38,"minecraft:obsidian":23,"minecraft:cobblestone":317,"minecraft:birch_log":25,"minecraft:water_bucket":3,"minecraft:andesite":6,"minecraft:potato":15,"minecraft:flint":25,"minecraft:tuff":1,"minecraft:lapis_lazuli":377,"minecraft:dirt":836,"minecraft:bone":24,"minecraft:wheat_seeds":23,"minecraft:raw_gold":12,"minecraft:fletching_table":10,"minecraft:diamond_helmet":3,"minecraft:powered_rail":576,"minecraft:stone_hoe":1,"minecraft:oak_planks":126,"minecraft:cooked_porkchop":17,"minecraft:stripped_spruce_log":8,"minecraft:mossy_cobblestone":7,"minecraft:diamond":42,"minecraft:crossbow":3,"minecraft:granite":6,"minecraft:bone_meal":119,"minecraft:spruce_button":198,"minecraft:emerald":213,"minecraft:bread":11,"minecraft:oak_sapling":41,"minecraft:netherrack":1297,"minecraft:dark_oak_fence":4,"minecraft:diamond_pickaxe":3,"minecraft:crafting_table":13,"minecraft:azure_bluet":19,"minecraft:wooden_pickaxe":2,"minecraft:shield":5,"minecraft:iron_axe":1,"minecraft:flint_and_steel":3,"minecraft:iron_shovel":1,"minecraft:beef":1,"minecraft:poppy":14,"minecraft:minecart":14,"minecraft:spruce_slab":9,"minecraft:lectern":706,"minecraft:birch_sapling":11,"minecraft:spruce_trapdoor":40,"minecraft:egg":1,"minecraft:raw_iron":207,"minecraft:spruce_fence":28,"minecraft:carrot":2433,"minecraft:redstone":3,"minecraft:stone_shovel":2,"minecraft:arrow":49,"minecraft:diamond_chestplate":3,"minecraft:diamond_boots":3,"minecraft:saddle":1,"minecraft:totem_of_undying":1,"minecraft:mutton":19,"minecraft:bone_block":64,"minecraft:rail":10,"minecraft:white_wool":13,"minecraft:oxeye_daisy":55,"minecraft:stripped_oak_log":1,"minecraft:golden_carrot":108,"minecraft:leather":2,"minecraft:oak_log":290,"minecraft:chainmail_chestplate":1,"minecraft:nether_wart_block":1,"minecraft:yellow_bed":10,"minecraft:gunpowder":4,"minecraft:cobblestone_stairs":4,"minecraft:white_banner":2,"minecraft:cooked_mutton":4,"minecraft:apple":4,"minecraft:iron_ingot":145,"minecraft:stone_pickaxe":1,"minecraft:glass_bottle":3,"minecraft:iron_sword":2,"minecraft:book":81,"minecraft:light_gray_stained_glass":61,"minecraft:gravel":254,"minecraft:spruce_sapling":1110,"minecraft:blast_furnace":2,"minecraft:white_bed":7,"minecraft:spruce_log":9390,"minecraft:spider_eye":1,"minecraft:diamond_shovel":3,"minecraft:slime_ball":20,"minecraft:stone_axe":6,"minecraft:chainmail_leggings":3,"minecraft:iron_helmet":2,"minecraft:diamond_axe":4,"minecraft:gray_wool":1,"minecraft:coal":65}},"DataVersion":3839}